Model_Num,Model_ID,Feature_Combo,Combo_Size,Measures_M,N_inputs,Window_W,Target_Type,Split_Mode,Hidden_H,Parameters,Train_MAE_days,Test_MAE_days,Diff_MAE_days,Train_MAPE,Test_MAPE,Diff_MAPE,Val_MAE_days,Val_MAPE,Overfitting_Ratio,Clinically_Valid,Sessions_Red,Sessions_Yellow,Sessions_Green,Total_Sessions,P_R,P_G,P_bar_G,Dist_Ideal,Age_Red,Age_Yellow,Age_Green,Age_Total,is_pareto
1,AV_W30_H1_capped360_split_patient,AV,1,26,104,30,capped360,split_patient,1,107,95.96,96.81,0.86,216.98,212.89,4.09,96.39,215.6,1.009,False,0,120942,938,121880,1.0,0.6631,0.3369,1.0552,,70.3,62.6,70.2,False
2,AV_W30_H2_capped360_split_patient,AV,1,26,104,30,capped360,split_patient,2,217,87.79,92.4,4.61,190.68,193.4,2.72,90.17,195.18,1.052,False,22389,99491,0,121880,0.4846,0.0,1.0,1.1112,73.5,69.4,,70.2,False
3,AV_W30_H3_capped360_split_patient,AV,1,26,104,30,capped360,split_patient,3,325,81.86,89.82,7.97,177.35,190.43,13.08,89.55,194.29,1.097,False,13725,108155,0,121880,0.4114,0.0,1.0,1.0813,74.7,69.6,,70.2,False
4,AV_W30_H5_capped360_split_patient,AV,1,26,104,30,capped360,split_patient,5,541,76.35,89.18,12.83,163.2,183.5,20.3,86.67,184.01,1.168,False,13568,108312,0,121880,0.4127,0.0,1.0,1.0818,74.0,69.7,,70.2,False
5,AV_W30_H8_capped360_split_patient,AV,1,26,104,30,capped360,split_patient,8,865,74.16,88.49,14.33,159.36,185.56,26.19,87.86,193.61,1.193,True,13748,107129,1003,121880,0.4119,0.7677,0.2323,0.4729,74.9,69.6,64.6,70.2,False
6,AV_W30_H16_capped360_split_patient,AV,1,26,104,30,capped360,split_patient,16,1729,65.38,91.94,26.56,136.46,176.15,39.69,86.22,176.77,1.406,False,17835,103058,987,121880,0.4712,0.6393,0.3607,0.5934,74.4,69.5,64.1,70.2,False
7,AV_W30_H32_capped360_split_patient,AV,1,26,104,30,capped360,split_patient,32,3457,64.19,90.86,26.67,133.2,177.67,44.47,90.61,180.96,1.415,True,15540,94945,11395,121880,0.4349,0.7588,0.2412,0.4973,74.2,70.0,66.3,70.2,False
8,AV_W30_H64_capped360_split_patient,AV,1,26,104,30,capped360,split_patient,64,6913,53.93,94.2,40.28,109.45,167.6,58.15,92.81,172.95,1.747,True,20276,86040,15564,121880,0.4696,0.6987,0.3013,0.5579,72.7,70.1,67.6,70.2,False
9,AV_W30_H1_capped360_split_temporal,AV,1,26,104,30,capped360,split_temporal,1,107,64.47,118.46,53.99,124.29,329.52,205.23,76.29,120.3,1.837,False,4364,135153,0,139517,0.148,0.0,1.0,1.0109,69.8,70.2,,70.2,False
10,AV_W30_H2_capped360_split_temporal,AV,1,26,104,30,capped360,split_temporal,2,217,66.39,119.79,53.41,126.12,333.99,207.86,77.32,121.17,1.805,False,0,139517,0,139517,1.0,0.0,1.0,1.4142,,70.2,,70.2,False
11,AV_W30_H3_capped360_split_temporal,AV,1,26,104,30,capped360,split_temporal,3,325,63.21,119.23,56.02,121.76,331.07,209.3,76.11,119.97,1.886,False,5189,134328,0,139517,0.1921,0.0,1.0,1.0183,70.3,70.2,,70.2,False
12,AV_W30_H5_capped360_split_temporal,AV,1,26,104,30,capped360,split_temporal,5,541,60.51,116.53,56.02,115.33,318.91,203.58,72.75,111.11,1.926,False,6400,133117,0,139517,0.1859,0.0,1.0,1.0171,69.6,70.2,,70.2,False
13,AV_W30_H8_capped360_split_temporal,AV,1,26,104,30,capped360,split_temporal,8,865,60.34,118.96,58.62,115.32,331.78,216.47,75.44,116.77,1.972,False,5039,133728,750,139517,0.1768,0.7307,0.2693,0.3222,70.9,70.2,68.0,70.2,False
14,AV_W30_H16_capped360_split_temporal,AV,1,26,104,30,capped360,split_temporal,16,1729,52.85,113.45,60.59,96.47,304.54,208.07,70.04,100.85,2.146,False,9868,129645,4,139517,0.2131,1.0,0.0,0.2131,70.1,70.2,70.0,70.2,False
15,AV_W30_H32_capped360_split_temporal,AV,1,26,104,30,capped360,split_temporal,32,3457,50.88,112.95,62.07,93.58,304.25,210.67,70.18,99.83,2.22,True,9852,125565,4100,139517,0.2255,0.6666,0.3334,0.4025,71.3,70.2,67.5,70.2,False
16,AV_W30_H64_capped360_split_temporal,AV,1,26,104,30,capped360,split_temporal,64,6913,47.79,111.81,64.02,88.07,297.62,209.55,67.95,93.75,2.34,True,11336,102712,25469,139517,0.2569,0.6742,0.3258,0.4149,71.2,70.6,68.0,70.2,False
17,AV_W30_H104_capped360_split_temporal,AV,1,26,104,30,capped360,split_temporal,104,11233,43.57,114.29,70.72,74.78,300.32,225.55,67.85,92.33,2.623,True,10024,112842,16651,139517,0.2691,0.6776,0.3224,0.4199,70.0,70.5,68.4,70.2,False
18,Anemia_W30_H1_capped360_split_patient,Anemia,1,8,32,30,capped360,split_patient,1,35,99.18,98.74,0.44,241.99,235.67,6.32,100.11,239.59,0.996,False,0,121564,316,121880,1.0,0.2247,0.7753,1.2653,,70.2,53.3,70.2,False
19,Anemia_W30_H2_capped360_split_patient,Anemia,1,8,32,30,capped360,split_patient,2,73,94.26,96.7,2.44,215.57,215.39,0.18,97.23,221.71,1.026,False,11811,110069,0,121880,0.5039,0.0,1.0,1.1198,71.8,70.0,,70.2,False
20,Anemia_W30_H3_capped360_split_patient,Anemia,1,8,32,30,capped360,split_patient,3,109,92.93,95.64,2.7,208.39,210.96,2.57,96.59,216.76,1.029,False,6037,115843,0,121880,0.4146,0.0,1.0,1.0825,72.0,70.1,,70.2,False
21,Anemia_W30_H5_capped360_split_patient,Anemia,1,8,32,30,capped360,split_patient,5,181,90.84,96.25,5.41,203.03,210.03,7.0,95.41,214.91,1.06,False,7606,114274,0,121880,0.4723,0.0,1.0,1.1059,72.5,70.0,,70.2,False
22,Anemia_W30_H8_capped360_split_patient,Anemia,1,8,32,30,capped360,split_patient,8,289,91.19,95.94,4.75,203.86,209.27,5.41,96.78,215.35,1.052,False,7642,114222,16,121880,0.4673,0.0,1.0,1.1038,73.2,70.0,53.0,70.2,False
23,Anemia_W30_H16_capped360_split_patient,Anemia,1,8,32,30,capped360,split_patient,16,577,89.66,95.54,5.88,201.86,210.12,8.26,96.4,215.76,1.066,False,7254,114550,76,121880,0.4487,0.0,1.0,1.0961,73.2,70.0,53.9,70.2,False
24,Anemia_W30_H32_capped360_split_patient,Anemia,1,8,32,30,capped360,split_patient,32,1153,86.9,96.81,9.91,192.01,203.9,11.89,96.01,211.38,1.114,False,9646,112074,160,121880,0.4856,0.7188,0.2812,0.5611,72.3,70.0,68.5,70.2,False
25,Anemia_W30_H1_capped360_split_temporal,Anemia,1,8,32,30,capped360,split_temporal,1,35,69.14,124.64,55.5,138.79,353.52,214.73,81.6,134.46,1.803,False,613,138904,0,139517,0.2039,0.0,1.0,1.0206,64.5,70.2,,70.2,False
26,Anemia_W30_H2_capped360_split_temporal,Anemia,1,8,32,30,capped360,split_temporal,2,73,69.39,124.94,55.55,138.71,354.44,215.73,81.55,134.07,1.801,False,3578,135939,0,139517,0.2292,0.0,1.0,1.0259,69.7,70.2,,70.2,False
27,Anemia_W30_H3_capped360_split_temporal,Anemia,1,8,32,30,capped360,split_temporal,3,109,68.97,124.94,55.97,137.84,354.5,216.66,81.36,133.91,1.812,False,1638,137879,0,139517,0.1996,0.0,1.0,1.0197,71.9,70.2,,70.2,False
28,Anemia_W30_H5_capped360_split_temporal,Anemia,1,8,32,30,capped360,split_temporal,5,181,68.68,123.79,55.11,136.86,348.66,211.81,81.08,132.09,1.802,False,2166,137351,0,139517,0.2299,0.0,1.0,1.0261,68.8,70.2,,70.2,False
29,Anemia_W30_H8_capped360_split_temporal,Anemia,1,8,32,30,capped360,split_temporal,8,289,67.3,122.61,55.31,135.68,345.82,210.14,80.77,131.88,1.822,False,2212,137303,2,139517,0.2464,0.0,1.0,1.0299,71.4,70.2,82.0,70.2,False
30,Anemia_W30_H16_capped360_split_temporal,Anemia,1,8,32,30,capped360,split_temporal,16,577,67.18,122.41,55.23,134.99,343.86,208.87,80.48,130.82,1.822,False,2406,136761,350,139517,0.2332,0.2714,0.7286,0.765,69.5,70.2,74.8,70.2,False
31,Anemia_W30_H32_capped360_split_temporal,Anemia,1,8,32,30,capped360,split_temporal,32,1153,65.15,121.32,56.17,129.96,339.47,209.52,80.38,129.66,1.862,False,3752,135587,178,139517,0.2521,0.4101,0.5899,0.6415,70.3,70.2,69.5,70.2,False
32,Metabolismo_W30_H1_capped360_split_patient,Metabolismo,1,7,28,30,capped360,split_patient,1,31,99.59,98.59,1.0,243.6,236.68,6.93,100.67,240.98,0.99,False,0,121690,190,121880,1.0,0.6895,0.3105,1.0471,,70.2,63.2,70.2,False
33,Metabolismo_W30_H2_capped360_split_patient,Metabolismo,1,7,28,30,capped360,split_patient,2,65,97.99,98.35,0.36,232.52,229.91,2.62,98.02,226.39,1.004,False,0,121880,0,121880,1.0,0.0,1.0,1.4142,,70.2,,70.2,False
34,Metabolismo_W30_H3_capped360_split_patient,Metabolismo,1,7,28,30,capped360,split_patient,3,97,96.87,99.15,2.28,233.08,233.5,0.43,100.85,232.22,1.024,False,1675,120205,0,121880,0.5731,0.0,1.0,1.1526,66.2,70.3,,70.2,False
35,Metabolismo_W30_H5_capped360_split_patient,Metabolismo,1,7,28,30,capped360,split_patient,5,161,91.6,95.1,3.5,212.61,214.98,2.37,96.43,212.75,1.038,False,3597,118283,0,121880,0.3364,0.0,1.0,1.0551,70.1,70.2,,70.2,False
36,Metabolismo_W30_H8_capped360_split_patient,Metabolismo,1,7,28,30,capped360,split_patient,8,257,90.71,94.76,4.05,212.95,216.65,3.7,95.95,212.42,1.045,False,4248,117632,0,121880,0.395,0.0,1.0,1.0752,71.2,70.2,,70.2,False
37,Metabolismo_W30_H16_capped360_split_patient,Metabolismo,1,7,28,30,capped360,split_patient,16,513,91.15,94.87,3.73,211.7,214.64,2.93,95.17,209.11,1.041,False,3471,118362,47,121880,0.3757,0.8298,0.1702,0.4125,72.1,70.1,65.1,70.2,False
38,Metabolismo_W30_H28_capped360_split_patient,Metabolismo,1,7,28,30,capped360,split_patient,28,897,90.59,95.93,5.34,207.36,213.52,6.16,96.22,207.74,1.059,False,4634,117073,173,121880,0.4424,0.5607,0.4393,0.6235,71.2,70.2,69.5,70.2,False
39,Metabolismo_W30_H1_capped360_split_temporal,Metabolismo,1,7,28,30,capped360,split_temporal,1,31,70.2,127.67,57.47,141.82,365.28,223.46,83.02,138.56,1.819,False,19,139498,0,139517,0.0,0.0,1.0,1.0,62.6,70.2,,70.2,False
40,Metabolismo_W30_H2_capped360_split_temporal,Metabolismo,1,7,28,30,capped360,split_temporal,2,65,70.04,127.89,57.85,142.39,366.98,224.59,83.03,139.03,1.826,False,0,139517,0,139517,1.0,0.0,1.0,1.4142,,70.2,,70.2,False
41,Metabolismo_W30_H3_capped360_split_temporal,Metabolismo,1,7,28,30,capped360,split_temporal,3,97,69.46,126.91,57.45,141.08,362.51,221.44,82.21,137.79,1.827,False,688,138829,0,139517,0.1163,0.0,1.0,1.0067,63.4,70.2,,70.2,False
42,Metabolismo_W30_H5_capped360_split_temporal,Metabolismo,1,7,28,30,capped360,split_temporal,5,161,69.32,127.03,57.71,140.51,362.57,222.06,82.38,137.72,1.833,False,577,138940,0,139517,0.3328,0.0,1.0,1.0539,62.5,70.2,,70.2,False
43,Metabolismo_W30_H8_capped360_split_temporal,Metabolismo,1,7,28,30,capped360,split_temporal,8,257,68.9,126.66,57.76,139.95,361.06,221.11,81.82,136.75,1.838,False,1258,138252,7,139517,0.4086,0.5714,0.4286,0.5922,62.0,70.3,69.4,70.2,False
44,Metabolismo_W30_H16_capped360_split_temporal,Metabolismo,1,7,28,30,capped360,split_temporal,16,513,68.23,127.33,59.1,138.32,363.6,225.29,81.76,137.61,1.866,False,686,137867,964,139517,0.4854,0.4544,0.5456,0.7303,66.9,70.2,72.4,70.2,False
45,Metabolismo_W30_H28_capped360_split_temporal,Metabolismo,1,7,28,30,capped360,split_temporal,28,897,68.41,127.01,58.6,139.42,363.59,224.17,82.1,137.14,1.857,False,374,139045,98,139517,0.4759,0.5306,0.4694,0.6684,68.5,70.2,68.3,70.2,False
46,Nutrizione_W30_H1_capped360_split_patient,Nutrizione,1,11,44,30,capped360,split_patient,1,47,88.8,89.36,0.56,205.78,201.38,4.41,86.84,194.53,1.006,False,4173,117707,0,121880,0.1512,0.0,1.0,1.0114,73.8,70.1,,70.2,False
47,Nutrizione_W30_H2_capped360_split_patient,Nutrizione,1,11,44,30,capped360,split_patient,2,97,84.96,86.93,1.97,192.54,194.65,2.11,84.79,184.63,1.023,False,12341,109539,0,121880,0.2864,0.0,1.0,1.0402,73.5,69.8,,70.2,False
48,Nutrizione_W30_H3_capped360_split_patient,Nutrizione,1,11,44,30,capped360,split_patient,3,145,77.08,80.41,3.33,162.81,168.19,5.38,75.65,159.36,1.043,False,12758,109122,0,121880,0.2046,0.0,1.0,1.0207,73.6,69.8,,70.2,False
49,Nutrizione_W30_H5_capped360_split_patient,Nutrizione,1,11,44,30,capped360,split_patient,5,241,74.47,79.22,4.75,159.56,165.82,6.26,74.15,156.26,1.064,False,13585,108295,0,121880,0.2299,0.0,1.0,1.0261,73.7,69.8,,70.2,False
50,Nutrizione_W30_H8_capped360_split_patient,Nutrizione,1,11,44,30,capped360,split_patient,8,385,75.26,79.93,4.67,160.74,168.01,7.27,74.92,158.88,1.062,False,12741,109036,103,121880,0.2061,0.835,0.165,0.264,73.8,69.8,65.7,70.2,False
51,Nutrizione_W30_H16_capped360_split_patient,Nutrizione,1,11,44,30,capped360,split_patient,16,769,72.12,78.14,6.02,152.98,163.43,10.45,75.05,156.22,1.083,False,13024,108346,510,121880,0.2098,0.7275,0.2725,0.3439,73.5,69.8,66.4,70.2,False
52,Nutrizione_W30_H32_capped360_split_patient,Nutrizione,1,11,44,30,capped360,split_patient,32,1537,69.17,79.69,10.52,141.72,157.8,16.08,75.36,152.3,1.152,True,15397,104781,1702,121880,0.2576,0.7562,0.2438,0.3547,73.6,69.8,61.4,70.2,False
53,Nutrizione_W30_H44_capped360_split_patient,Nutrizione,1,11,44,30,capped360,split_patient,44,2113,67.32,78.64,11.32,140.9,158.74,17.84,75.59,152.37,1.168,True,14883,104051,2946,121880,0.2502,0.7458,0.2542,0.3567,73.3,69.9,65.2,70.2,False
54,Nutrizione_W30_H1_capped360_split_temporal,Nutrizione,1,11,44,30,capped360,split_temporal,1,47,69.81,127.05,57.24,141.34,364.48,223.14,82.22,137.76,1.82,False,0,137462,2055,139517,1.0,0.1221,0.8779,1.3307,,70.2,66.7,70.2,False
55,Nutrizione_W30_H2_capped360_split_temporal,Nutrizione,1,11,44,30,capped360,split_temporal,2,97,68.06,111.7,43.64,137.59,312.91,175.32,79.44,130.54,1.641,False,14687,124830,0,139517,0.1691,0.0,1.0,1.0142,70.8,70.1,,70.2,False
56,Nutrizione_W30_H3_capped360_split_temporal,Nutrizione,1,11,44,30,capped360,split_temporal,3,145,66.51,110.97,44.46,133.06,304.89,171.83,78.08,127.66,1.669,False,13371,126146,0,139517,0.211,0.0,1.0,1.022,70.5,70.1,,70.2,False
57,Nutrizione_W30_H5_capped360_split_temporal,Nutrizione,1,11,44,30,capped360,split_temporal,5,241,65.19,103.32,38.13,129.45,280.0,150.56,74.96,121.58,1.585,False,15637,123880,0,139517,0.1623,0.0,1.0,1.0131,71.3,70.0,,70.2,False
58,Nutrizione_W30_H8_capped360_split_temporal,Nutrizione,1,11,44,30,capped360,split_temporal,8,385,64.29,100.08,35.79,128.4,271.95,143.56,73.59,119.66,1.557,False,15686,123776,55,139517,0.1235,0.6182,0.3818,0.4013,71.4,70.0,53.2,70.2,False
59,Nutrizione_W30_H16_capped360_split_temporal,Nutrizione,1,11,44,30,capped360,split_temporal,16,769,62.17,102.29,40.12,124.38,276.1,151.72,73.58,116.53,1.645,False,15779,122922,816,139517,0.1604,0.5686,0.4314,0.4603,71.6,70.1,59.8,70.2,False
60,Nutrizione_W30_H32_capped360_split_temporal,Nutrizione,1,11,44,30,capped360,split_temporal,32,1537,60.77,99.27,38.51,119.47,262.1,142.63,72.24,113.95,1.634,False,16962,121902,653,139517,0.1569,0.5482,0.4518,0.4783,71.4,70.0,61.9,70.2,False
61,Nutrizione_W30_H44_capped360_split_temporal,Nutrizione,1,11,44,30,capped360,split_temporal,44,2113,59.59,94.89,35.3,120.06,249.27,129.21,71.5,114.46,1.592,True,20446,117713,1358,139517,0.1397,0.7599,0.2401,0.2778,71.9,70.0,62.9,70.2,True
62,AV+Anemia_W30_H1_capped360_split_patient,AV+Anemia,2,33,132,30,capped360,split_patient,1,135,81.68,88.09,6.41,175.26,183.91,8.65,89.29,189.24,1.078,False,10911,110969,0,121880,0.3415,0.0,1.0,1.0567,75.3,69.7,,70.2,False
63,AV+Anemia_W30_H2_capped360_split_patient,AV+Anemia,2,33,132,30,capped360,split_patient,2,273,86.44,90.62,4.18,185.89,186.04,0.15,89.56,191.8,1.048,False,23010,98870,0,121880,0.4606,0.0,1.0,1.101,74.2,69.3,,70.2,False
64,AV+Anemia_W30_H3_capped360_split_patient,AV+Anemia,2,33,132,30,capped360,split_patient,3,409,78.91,87.21,8.31,171.47,183.88,12.41,87.94,192.34,1.105,False,14481,107399,0,121880,0.3634,0.0,1.0,1.064,74.0,69.7,,70.2,False
65,AV+Anemia_W30_H5_capped360_split_patient,AV+Anemia,2,33,132,30,capped360,split_patient,5,681,77.11,88.58,11.47,163.68,177.76,14.08,91.36,188.89,1.149,False,15910,105970,0,121880,0.3988,0.0,1.0,1.0766,74.7,69.5,,70.2,False
66,AV+Anemia_W30_H8_capped360_split_patient,AV+Anemia,2,33,132,30,capped360,split_patient,8,1089,75.51,88.82,13.31,158.58,175.81,17.23,88.1,181.61,1.176,True,15374,105359,1147,121880,0.41,0.8378,0.1622,0.4409,74.1,69.7,64.6,70.2,False
67,AV+Anemia_W30_H16_capped360_split_patient,AV+Anemia,2,33,132,30,capped360,split_patient,16,2177,66.85,90.49,23.64,142.32,177.86,35.53,87.15,181.99,1.354,True,16169,103157,2554,121880,0.4468,0.7189,0.2811,0.5279,74.5,69.6,66.1,70.2,False
68,AV+Anemia_W30_H32_capped360_split_patient,AV+Anemia,2,33,132,30,capped360,split_patient,32,4353,65.98,93.34,27.36,127.26,163.41,36.15,90.48,166.57,1.415,True,18685,94570,8625,121880,0.4411,0.7343,0.2657,0.5149,73.1,69.8,68.1,70.2,False
69,AV+Anemia_W30_H64_capped360_split_patient,AV+Anemia,2,33,132,30,capped360,split_patient,64,8705,47.68,95.68,48.0,93.82,159.62,65.8,92.48,164.69,2.007,True,24197,85493,12190,121880,0.4996,0.756,0.244,0.556,72.4,69.9,67.5,70.2,False
70,AV+Anemia_W30_H1_capped360_split_temporal,AV+Anemia,2,33,132,30,capped360,split_temporal,1,135,64.21,117.95,53.74,122.19,325.53,203.34,76.41,118.65,1.837,False,4803,134714,0,139517,0.1312,0.0,1.0,1.0086,70.8,70.2,,70.2,False
71,AV+Anemia_W30_H2_capped360_split_temporal,AV+Anemia,2,33,132,30,capped360,split_temporal,2,273,68.46,126.15,57.69,140.42,363.07,222.65,81.31,136.89,1.843,False,0,139517,0,139517,1.0,0.0,1.0,1.4142,,70.2,,70.2,False
72,AV+Anemia_W30_H3_capped360_split_temporal,AV+Anemia,2,33,132,30,capped360,split_temporal,3,409,62.7,118.13,55.44,119.18,326.69,207.52,76.23,117.92,1.884,False,5906,133611,0,139517,0.1725,0.0,1.0,1.0148,71.2,70.1,,70.2,False
73,AV+Anemia_W30_H5_capped360_split_temporal,AV+Anemia,2,33,132,30,capped360,split_temporal,5,681,60.04,118.05,58.01,112.03,328.02,215.99,75.52,115.7,1.966,False,5847,133670,0,139517,0.1638,0.0,1.0,1.0133,71.5,70.1,,70.2,False
74,AV+Anemia_W30_H8_capped360_split_temporal,AV+Anemia,2,33,132,30,capped360,split_temporal,8,1089,55.19,115.5,60.3,101.41,317.7,216.29,73.44,109.97,2.093,False,8012,131505,0,139517,0.1819,0.0,1.0,1.0164,71.2,70.1,,70.2,False
75,AV+Anemia_W30_H16_capped360_split_temporal,AV+Anemia,2,33,132,30,capped360,split_temporal,16,2177,51.52,113.99,62.47,92.85,312.26,219.41,71.38,102.72,2.213,False,9287,130171,59,139517,0.2204,0.8136,0.1864,0.2887,72.5,70.0,59.6,70.2,False
76,AV+Anemia_W30_H32_capped360_split_temporal,AV+Anemia,2,33,132,30,capped360,split_temporal,32,4353,43.98,110.48,66.51,75.1,291.07,215.97,69.17,92.86,2.512,True,13735,122537,3245,139517,0.2518,0.759,0.241,0.3485,71.0,70.1,68.0,70.2,False
77,AV+Anemia_W30_H64_capped360_split_temporal,AV+Anemia,2,33,132,30,capped360,split_temporal,64,8705,42.39,111.79,69.41,71.37,295.09,223.72,68.05,91.24,2.637,True,12863,114122,12532,139517,0.254,0.7053,0.2947,0.3891,71.7,70.2,68.0,70.2,False
78,AV+Anemia_W30_H128_capped360_split_temporal,AV+Anemia,2,33,132,30,capped360,split_temporal,128,17409,39.18,112.85,73.67,64.35,287.54,223.19,68.55,88.7,2.88,True,11806,109133,18578,139517,0.2666,0.6974,0.3026,0.4033,71.6,70.3,68.3,70.2,False
79,AV+Anemia_W30_H132_capped360_split_temporal,AV+Anemia,2,33,132,30,capped360,split_temporal,132,17953,43.65,111.86,68.21,71.62,278.89,207.27,68.73,86.75,2.562,True,12514,110747,16256,139517,0.2615,0.6666,0.3334,0.4237,72.0,70.3,68.0,70.2,False
80,AV+Metabolismo_W30_H1_capped360_split_patient,AV+Metabolismo,2,32,128,30,capped360,split_patient,1,131,95.51,96.91,1.39,215.52,211.84,3.68,96.65,214.67,1.015,False,0,120531,1349,121880,1.0,0.6746,0.3254,1.0516,,70.3,61.5,70.2,False
81,AV+Metabolismo_W30_H2_capped360_split_patient,AV+Metabolismo,2,32,128,30,capped360,split_patient,2,265,100.22,99.11,1.11,244.4,237.15,7.24,100.76,241.51,0.989,False,0,121880,0,121880,1.0,0.0,1.0,1.4142,,70.2,,70.2,False
82,AV+Metabolismo_W30_H3_capped360_split_patient,AV+Metabolismo,2,32,128,30,capped360,split_patient,3,397,80.45,89.62,9.17,172.62,187.82,15.2,86.69,183.36,1.114,False,13949,107931,0,121880,0.4013,0.0,1.0,1.0775,74.5,69.6,,70.2,False
83,AV+Metabolismo_W30_H5_capped360_split_patient,AV+Metabolismo,2,32,128,30,capped360,split_patient,5,661,76.39,88.45,12.06,161.3,181.27,19.97,86.12,179.61,1.158,False,14746,107134,0,121880,0.399,0.0,1.0,1.0767,74.3,69.6,,70.2,False
84,AV+Metabolismo_W30_H8_capped360_split_patient,AV+Metabolismo,2,32,128,30,capped360,split_patient,8,1057,69.74,90.02,20.28,146.33,179.43,33.1,86.75,178.06,1.291,False,15485,106395,0,121880,0.4298,0.0,1.0,1.0885,73.5,69.7,,70.2,False
85,AV+Metabolismo_W30_H16_capped360_split_patient,AV+Metabolismo,2,32,128,30,capped360,split_patient,16,2113,65.91,87.33,21.43,136.66,176.98,40.32,88.5,175.12,1.325,True,15950,104087,1843,121880,0.4118,0.6527,0.3473,0.5387,74.2,69.7,66.0,70.2,False
86,AV+Metabolismo_W30_H32_capped360_split_patient,AV+Metabolismo,2,32,128,30,capped360,split_patient,32,4225,56.76,91.83,35.06,111.93,168.53,56.6,90.66,166.83,1.618,True,20668,92580,8632,121880,0.4664,0.7238,0.2762,0.542,73.1,69.8,67.5,70.2,False
87,AV+Metabolismo_W30_H1_capped360_split_temporal,AV+Metabolismo,2,32,128,30,capped360,split_temporal,1,131,64.36,118.06,53.7,122.96,327.58,204.62,76.51,119.97,1.834,False,5156,134361,0,139517,0.1641,0.0,1.0,1.0134,70.1,70.2,,70.2,False
88,AV+Metabolismo_W30_H2_capped360_split_temporal,AV+Metabolismo,2,32,128,30,capped360,split_temporal,2,265,67.37,122.02,54.65,128.73,338.33,209.6,78.17,124.13,1.811,False,0,139517,0,139517,1.0,0.0,1.0,1.4142,,70.2,,70.2,False
89,AV+Metabolismo_W30_H3_capped360_split_temporal,AV+Metabolismo,2,32,128,30,capped360,split_temporal,3,397,62.91,118.9,55.99,119.67,331.65,211.98,75.78,118.59,1.89,False,4604,134913,0,139517,0.172,0.0,1.0,1.0147,68.9,70.2,,70.2,False
90,AV+Metabolismo_W30_H5_capped360_split_temporal,AV+Metabolismo,2,32,128,30,capped360,split_temporal,5,661,59.37,117.19,57.82,110.83,321.3,210.47,73.59,112.91,1.974,False,6905,132612,0,139517,0.2117,0.0,1.0,1.0222,68.8,70.3,,70.2,False
91,AV+Metabolismo_W30_H8_capped360_split_temporal,AV+Metabolismo,2,32,128,30,capped360,split_temporal,8,1057,60.57,118.41,57.83,118.1,332.15,214.05,74.88,119.17,1.955,True,4721,133335,1461,139517,0.1807,0.679,0.321,0.3684,69.3,70.3,66.4,70.2,False
92,AV+Metabolismo_W30_H16_capped360_split_temporal,AV+Metabolismo,2,32,128,30,capped360,split_temporal,16,2113,50.21,113.34,63.13,91.99,306.6,214.61,69.71,98.85,2.257,False,9030,130487,0,139517,0.2173,0.0,1.0,1.0233,70.2,70.2,,70.2,False
93,AV+Metabolismo_W30_H32_capped360_split_temporal,AV+Metabolismo,2,32,128,30,capped360,split_temporal,32,4225,48.5,111.9,63.4,88.72,302.54,213.81,67.96,96.53,2.307,True,10478,121906,7133,139517,0.2175,0.7161,0.2839,0.3576,71.6,70.3,66.9,70.2,False
94,AV+Metabolismo_W30_H64_capped360_split_temporal,AV+Metabolismo,2,32,128,30,capped360,split_temporal,64,8449,44.8,113.6,68.8,77.71,297.43,219.72,67.86,93.89,2.536,True,11324,120873,7320,139517,0.2752,0.6484,0.3516,0.4465,69.6,70.4,67.8,70.2,False
95,AV+Metabolismo_W30_H128_capped360_split_temporal,AV+Metabolismo,2,32,128,30,capped360,split_temporal,128,16897,35.06,111.91,76.85,55.18,282.75,227.57,67.34,81.65,3.192,True,15382,104921,19214,139517,0.3052,0.702,0.298,0.4266,70.6,70.6,67.6,70.2,False
96,AV+Nutrizione_W30_H1_capped360_split_patient,AV+Nutrizione,2,31,124,30,capped360,split_patient,1,127,79.15,85.81,6.66,172.63,182.15,9.52,83.69,178.4,1.084,False,10901,110979,0,121880,0.3102,0.0,1.0,1.047,75.6,69.7,,70.2,False
97,AV+Nutrizione_W30_H2_capped360_split_patient,AV+Nutrizione,2,31,124,30,capped360,split_patient,2,257,80.96,84.44,3.48,177.45,183.23,5.78,80.46,173.76,1.043,False,15145,106735,0,121880,0.2972,0.0,1.0,1.0432,74.3,69.6,,70.2,False
98,AV+Nutrizione_W30_H3_capped360_split_patient,AV+Nutrizione,2,31,124,30,capped360,split_patient,3,385,74.83,82.31,7.48,164.4,177.58,13.18,79.32,166.19,1.1,False,15537,106343,0,121880,0.3123,0.0,1.0,1.0476,75.0,69.5,,70.2,False
99,AV+Nutrizione_W30_H5_capped360_split_patient,AV+Nutrizione,2,31,124,30,capped360,split_patient,5,641,66.85,77.54,10.69,139.93,157.1,17.17,75.35,149.74,1.16,False,17593,104287,0,121880,0.2789,0.0,1.0,1.0382,73.6,69.6,,70.2,False
100,AV+Nutrizione_W30_H8_capped360_split_patient,AV+Nutrizione,2,31,124,30,capped360,split_patient,8,1025,63.3,79.07,15.77,131.71,154.77,23.06,74.14,149.83,1.249,False,17826,104054,0,121880,0.2886,0.0,1.0,1.0408,73.7,69.6,,70.2,False
101,AV+Nutrizione_W30_H16_capped360_split_patient,AV+Nutrizione,2,31,124,30,capped360,split_patient,16,2049,55.1,81.5,26.4,109.93,151.94,42.0,76.26,144.01,1.479,False,20941,100914,25,121880,0.3573,0.72,0.28,0.4539,74.0,69.4,65.4,70.2,False
102,AV+Nutrizione_W30_H32_capped360_split_patient,AV+Nutrizione,2,31,124,30,capped360,split_patient,32,4097,50.02,80.64,30.62,99.35,150.73,51.38,75.94,142.52,1.612,True,20478,92378,9024,121880,0.3368,0.779,0.221,0.4028,73.2,70.0,65.5,70.2,False
103,AV+Nutrizione_W30_H64_capped360_split_patient,AV+Nutrizione,2,31,124,30,capped360,split_patient,64,8193,45.23,85.68,40.45,84.19,144.27,60.08,81.41,136.55,1.894,True,24260,84868,12752,121880,0.4048,0.7692,0.2308,0.466,73.2,69.7,67.9,70.2,False
104,AV+Nutrizione_W30_H1_capped360_split_temporal,AV+Nutrizione,2,31,124,30,capped360,split_temporal,1,127,63.96,113.11,49.15,122.19,311.5,189.32,74.7,116.18,1.768,False,6817,132700,0,139517,0.1266,0.0,1.0,1.008,70.3,70.2,,70.2,False
105,AV+Nutrizione_W30_H2_capped360_split_temporal,AV+Nutrizione,2,31,124,30,capped360,split_temporal,2,257,65.77,109.41,43.64,128.03,301.76,173.73,76.69,120.49,1.663,False,17269,122248,0,139517,0.177,0.0,1.0,1.0155,70.7,70.1,,70.2,False
106,AV+Nutrizione_W30_H3_capped360_split_temporal,AV+Nutrizione,2,31,124,30,capped360,split_temporal,3,385,62.09,106.59,44.51,118.83,289.79,170.96,73.36,114.77,1.717,False,12543,126974,0,139517,0.1666,0.0,1.0,1.0138,70.8,70.1,,70.2,False
107,AV+Nutrizione_W30_H5_capped360_split_temporal,AV+Nutrizione,2,31,124,30,capped360,split_temporal,5,641,59.12,100.68,41.56,113.37,268.23,154.86,71.37,109.94,1.703,False,16482,123035,0,139517,0.1454,0.0,1.0,1.0105,71.0,70.1,,70.2,False
108,AV+Nutrizione_W30_H8_capped360_split_temporal,AV+Nutrizione,2,31,124,30,capped360,split_temporal,8,1025,56.79,101.69,44.9,108.76,275.19,166.43,70.55,106.97,1.791,False,15521,123996,0,139517,0.1374,0.0,1.0,1.0094,71.6,70.0,,70.2,False
109,AV+Nutrizione_W30_H16_capped360_split_temporal,AV+Nutrizione,2,31,124,30,capped360,split_temporal,16,2049,54.6,98.67,44.07,102.51,261.39,158.88,69.7,102.88,1.807,False,18162,120408,947,139517,0.1672,0.7096,0.2904,0.3351,71.2,70.1,61.6,70.2,False
110,AV+Nutrizione_W30_H32_capped360_split_temporal,AV+Nutrizione,2,31,124,30,capped360,split_temporal,32,4097,46.03,93.73,47.7,82.8,238.56,155.75,65.31,88.92,2.036,True,23007,113988,2522,139517,0.175,0.7657,0.2343,0.2924,71.9,69.9,67.0,70.2,True
111,AV+Nutrizione_W30_H64_capped360_split_temporal,AV+Nutrizione,2,31,124,30,capped360,split_temporal,64,8193,43.19,97.2,54.01,75.81,239.7,163.89,68.79,88.11,2.251,True,23172,108358,7987,139517,0.2239,0.753,0.247,0.3334,71.2,70.2,67.3,70.2,False
112,AV+Nutrizione_W30_H124_capped360_split_temporal,AV+Nutrizione,2,31,124,30,capped360,split_temporal,124,15873,38.64,96.66,58.02,64.73,234.78,170.04,65.59,82.95,2.502,True,22707,99155,17655,139517,0.2008,0.7399,0.2601,0.3286,71.3,70.3,68.2,70.2,False
113,Anemia+Metabolismo_W30_H1_capped360_split_patient,Anemia+Metabolismo,2,15,60,30,capped360,split_patient,1,63,98.81,98.62,0.19,239.37,233.6,5.77,100.05,237.6,0.998,False,0,121331,549,121880,1.0,0.2568,0.7432,1.2459,,70.3,57.8,70.2,False
114,Anemia+Metabolismo_W30_H2_capped360_split_patient,Anemia+Metabolismo,2,15,60,30,capped360,split_patient,2,129,98.85,99.66,0.82,229.33,225.43,3.9,100.42,228.51,1.008,False,0,121880,0,121880,1.0,0.0,1.0,1.4142,,70.2,,70.2,False
115,Anemia+Metabolismo_W30_H3_capped360_split_patient,Anemia+Metabolismo,2,15,60,30,capped360,split_patient,3,193,90.05,95.51,5.46,203.0,213.46,10.45,97.32,209.65,1.061,False,6840,115040,0,121880,0.4404,0.0,1.0,1.0927,72.9,70.0,,70.2,False
116,Anemia+Metabolismo_W30_H5_capped360_split_patient,Anemia+Metabolismo,2,15,60,30,capped360,split_patient,5,321,87.44,95.71,8.27,197.12,211.93,14.81,98.14,211.05,1.095,False,7242,114638,0,121880,0.4438,0.0,1.0,1.0941,72.8,70.0,,70.2,False
117,Anemia+Metabolismo_W30_H8_capped360_split_patient,Anemia+Metabolismo,2,15,60,30,capped360,split_patient,8,513,83.46,94.56,11.1,182.94,199.31,16.37,95.11,196.91,1.133,False,8402,113478,0,121880,0.4325,0.0,1.0,1.0895,72.7,70.0,,70.2,False
118,Anemia+Metabolismo_W30_H16_capped360_split_patient,Anemia+Metabolismo,2,15,60,30,capped360,split_patient,16,1025,82.27,94.09,11.82,178.78,196.83,18.05,94.86,193.21,1.144,False,9599,112195,86,121880,0.4265,0.6977,0.3023,0.5228,72.4,70.0,62.6,70.2,False
119,Anemia+Metabolismo_W30_H32_capped360_split_patient,Anemia+Metabolismo,2,15,60,30,capped360,split_patient,32,2049,80.15,96.94,16.79,177.08,203.1,26.02,94.99,196.23,1.21,True,9835,109942,2103,121880,0.4878,0.5887,0.4113,0.6381,72.7,70.0,66.9,70.2,False
120,Anemia+Metabolismo_W30_H60_capped360_split_patient,Anemia+Metabolismo,2,15,60,30,capped360,split_patient,60,3841,74.55,96.99,22.45,157.66,189.15,31.49,95.94,185.51,1.301,True,13839,102094,5947,121880,0.4881,0.6649,0.3351,0.5921,71.7,70.2,66.8,70.2,False
121,Anemia+Metabolismo_W30_H1_capped360_split_temporal,Anemia+Metabolismo,2,15,60,30,capped360,split_temporal,1,63,69.96,127.43,57.47,141.5,364.73,223.22,82.64,138.03,1.821,False,0,139404,113,139517,1.0,0.4425,0.5575,1.1449,,70.2,65.8,70.2,False
122,Anemia+Metabolismo_W30_H2_capped360_split_temporal,Anemia+Metabolismo,2,15,60,30,capped360,split_temporal,2,129,69.71,126.91,57.21,141.35,363.14,221.8,82.42,137.69,1.821,False,0,139517,0,139517,1.0,0.0,1.0,1.4142,,70.2,,70.2,False
123,Anemia+Metabolismo_W30_H3_capped360_split_temporal,Anemia+Metabolismo,2,15,60,30,capped360,split_temporal,3,193,68.39,125.26,56.86,136.27,354.78,218.5,81.95,134.3,1.831,False,1428,138089,0,139517,0.2815,0.0,1.0,1.0389,69.9,70.2,,70.2,False
124,Anemia+Metabolismo_W30_H5_capped360_split_temporal,Anemia+Metabolismo,2,15,60,30,capped360,split_temporal,5,321,66.73,123.37,56.65,131.8,348.12,216.32,81.11,132.98,1.849,False,3114,136403,0,139517,0.2434,0.0,1.0,1.0292,69.2,70.2,,70.2,False
125,Anemia+Metabolismo_W30_H8_capped360_split_temporal,Anemia+Metabolismo,2,15,60,30,capped360,split_temporal,8,513,67.59,122.0,54.41,134.5,343.1,208.6,80.82,130.8,1.805,False,2615,136885,17,139517,0.1866,0.4118,0.5882,0.6171,67.2,70.2,61.2,70.2,False
126,Anemia+Metabolismo_W30_H16_capped360_split_temporal,Anemia+Metabolismo,2,15,60,30,capped360,split_temporal,16,1025,62.35,122.75,60.41,123.68,340.23,216.54,80.22,128.26,1.969,False,4753,134679,85,139517,0.3413,0.6118,0.3882,0.5169,69.4,70.2,72.8,70.2,False
127,Anemia+Metabolismo_W30_H32_capped360_split_temporal,Anemia+Metabolismo,2,15,60,30,capped360,split_temporal,32,2049,63.92,120.81,56.89,125.86,334.86,209.01,80.12,127.46,1.89,False,4265,135004,248,139517,0.276,0.6169,0.3831,0.4722,70.4,70.2,64.7,70.2,False
128,Anemia+Metabolismo_W30_H60_capped360_split_temporal,Anemia+Metabolismo,2,15,60,30,capped360,split_temporal,60,3841,63.12,121.83,58.71,124.81,338.46,213.66,78.63,126.61,1.93,True,3789,133895,1833,139517,0.308,0.5679,0.4321,0.5306,68.7,70.2,69.0,70.2,False
129,Anemia+Nutrizione_W30_H1_capped360_split_patient,Anemia+Nutrizione,2,19,76,30,capped360,split_patient,1,79,84.13,87.37,3.24,189.9,192.45,2.55,86.21,189.54,1.038,False,6728,115152,0,121880,0.2169,0.0,1.0,1.0233,73.9,70.0,,70.2,False
130,Anemia+Nutrizione_W30_H2_capped360_split_patient,Anemia+Nutrizione,2,19,76,30,capped360,split_patient,2,161,84.52,87.35,2.83,183.49,188.4,4.91,85.74,181.99,1.033,False,17817,104063,0,121880,0.3723,0.0,1.0,1.0671,73.3,69.7,,70.2,False
131,Anemia+Nutrizione_W30_H3_capped360_split_patient,Anemia+Nutrizione,2,19,76,30,capped360,split_patient,3,241,91.88,94.85,2.97,185.26,186.39,1.13,93.77,184.22,1.032,False,0,121880,0,121880,1.0,0.0,1.0,1.4142,,70.2,,70.2,False
132,Anemia+Nutrizione_W30_H5_capped360_split_patient,Anemia+Nutrizione,2,19,76,30,capped360,split_patient,5,401,71.5,80.99,9.49,154.5,168.21,13.71,78.07,160.89,1.133,False,14618,107262,0,121880,0.2544,0.0,1.0,1.0319,73.2,69.8,,70.2,False
133,Anemia+Nutrizione_W30_H8_capped360_split_patient,Anemia+Nutrizione,2,19,76,30,capped360,split_patient,8,641,68.28,78.63,10.34,141.05,158.57,17.52,75.78,151.3,1.151,False,16492,105388,0,121880,0.272,0.0,1.0,1.0363,73.1,69.7,,70.2,False
134,Anemia+Nutrizione_W30_H16_capped360_split_patient,Anemia+Nutrizione,2,19,76,30,capped360,split_patient,16,1281,67.59,78.6,11.01,139.28,158.17,18.89,75.74,150.75,1.163,False,16425,105005,450,121880,0.2499,0.8133,0.1867,0.3119,73.2,69.8,62.4,70.2,False
135,Anemia+Nutrizione_W30_H32_capped360_split_patient,Anemia+Nutrizione,2,19,76,30,capped360,split_patient,32,2561,62.13,80.95,18.81,126.74,158.71,31.97,77.48,152.86,1.303,True,17127,102375,2378,121880,0.2901,0.7178,0.2822,0.4047,73.2,69.8,65.8,70.2,False
136,Anemia+Nutrizione_W30_H64_capped360_split_patient,Anemia+Nutrizione,2,19,76,30,capped360,split_patient,64,5121,55.72,85.27,29.55,110.43,157.97,47.54,78.82,149.13,1.53,True,19019,99641,3220,121880,0.3527,0.7264,0.2736,0.4464,72.7,69.9,65.4,70.2,False
137,Anemia+Nutrizione_W30_H76_capped360_split_patient,Anemia+Nutrizione,2,19,76,30,capped360,split_patient,76,6081,55.68,85.56,29.88,110.23,156.71,46.48,80.11,150.68,1.537,True,20095,92505,9280,121880,0.3749,0.7018,0.2982,0.479,72.5,70.1,66.0,70.2,False
138,Anemia+Nutrizione_W30_H1_capped360_split_temporal,Anemia+Nutrizione,2,19,76,30,capped360,split_temporal,1,79,67.26,118.14,50.88,133.7,328.38,194.68,79.93,130.37,1.757,False,4873,134644,0,139517,0.1564,0.0,1.0,1.0122,71.1,70.1,,70.2,False
139,Anemia+Nutrizione_W30_H2_capped360_split_temporal,Anemia+Nutrizione,2,19,76,30,capped360,split_temporal,2,161,69.63,126.47,56.84,141.14,362.03,220.89,82.2,137.35,1.816,False,0,139517,0,139517,1.0,0.0,1.0,1.4142,,70.2,,70.2,False
140,Anemia+Nutrizione_W30_H3_capped360_split_temporal,Anemia+Nutrizione,2,19,76,30,capped360,split_temporal,3,241,66.06,111.51,45.45,131.92,307.88,175.96,77.9,127.78,1.688,False,11171,128346,0,139517,0.197,0.0,1.0,1.0192,71.5,70.1,,70.2,False
141,Anemia+Nutrizione_W30_H5_capped360_split_temporal,Anemia+Nutrizione,2,19,76,30,capped360,split_temporal,5,401,63.46,103.04,39.58,123.99,277.41,153.41,74.73,118.56,1.624,False,15491,124026,0,139517,0.1529,0.0,1.0,1.0116,72.3,69.9,,70.2,False
142,Anemia+Nutrizione_W30_H8_capped360_split_temporal,Anemia+Nutrizione,2,19,76,30,capped360,split_temporal,8,641,65.09,111.4,46.3,129.97,307.74,177.77,77.13,124.73,1.711,False,11344,127525,648,139517,0.2064,0.7762,0.2238,0.3044,70.3,70.2,57.4,70.2,False
143,Anemia+Nutrizione_W30_H16_capped360_split_temporal,Anemia+Nutrizione,2,19,76,30,capped360,split_temporal,16,1281,59.91,100.03,40.12,117.32,264.98,147.66,74.1,115.98,1.67,False,17599,120938,980,139517,0.1523,0.6388,0.3612,0.392,72.0,70.0,62.3,70.2,False
144,Anemia+Nutrizione_W30_H32_capped360_split_temporal,Anemia+Nutrizione,2,19,76,30,capped360,split_temporal,32,2561,57.77,100.78,43.01,113.04,264.65,151.61,72.51,111.22,1.745,True,18025,118635,2857,139517,0.1807,0.587,0.413,0.4508,71.7,70.2,59.4,70.2,False
145,Anemia+Nutrizione_W30_H64_capped360_split_temporal,Anemia+Nutrizione,2,19,76,30,capped360,split_temporal,64,5121,53.68,96.96,43.28,102.35,240.45,138.1,71.04,102.99,1.806,True,23257,110900,5360,139517,0.2047,0.6763,0.3237,0.383,71.6,70.0,66.8,70.2,False
146,Anemia+Nutrizione_W30_H76_capped360_split_temporal,Anemia+Nutrizione,2,19,76,30,capped360,split_temporal,76,6081,52.65,96.28,43.63,103.84,243.11,139.27,69.55,103.96,1.829,True,22041,110049,7427,139517,0.1874,0.7265,0.2735,0.3315,71.9,70.0,67.8,70.2,False
147,Metabolismo+Nutrizione_W30_H1_capped360_split_patient,Metabolismo+Nutrizione,2,18,72,30,capped360,split_patient,1,75,96.6,96.92,0.31,223.64,219.41,4.22,97.33,220.34,1.003,False,0,120260,1620,121880,1.0,0.4759,0.5241,1.129,,70.3,59.9,70.2,False
148,Metabolismo+Nutrizione_W30_H2_capped360_split_patient,Metabolismo+Nutrizione,2,18,72,30,capped360,split_patient,2,153,85.78,88.04,2.26,196.48,197.96,1.48,87.54,195.36,1.026,False,10853,111027,0,121880,0.2778,0.0,1.0,1.0379,73.7,69.8,,70.2,False
149,Metabolismo+Nutrizione_W30_H3_capped360_split_patient,Metabolismo+Nutrizione,2,18,72,30,capped360,split_patient,3,229,92.84,96.2,3.35,191.5,193.27,1.78,96.59,191.43,1.036,False,0,121880,0,121880,1.0,0.0,1.0,1.4142,,70.2,,70.2,False
150,Metabolismo+Nutrizione_W30_H5_capped360_split_patient,Metabolismo+Nutrizione,2,18,72,30,capped360,split_patient,5,381,72.3,80.57,8.27,153.95,166.18,12.23,78.77,157.82,1.114,False,14461,107419,0,121880,0.2427,0.0,1.0,1.029,73.4,69.8,,70.2,False
151,Metabolismo+Nutrizione_W30_H8_capped360_split_patient,Metabolismo+Nutrizione,2,18,72,30,capped360,split_patient,8,609,69.63,79.42,9.8,146.45,162.43,15.98,77.21,155.16,1.141,False,15739,106141,0,121880,0.2801,0.0,1.0,1.0385,73.4,69.7,,70.2,False
152,Metabolismo+Nutrizione_W30_H16_capped360_split_patient,Metabolismo+Nutrizione,2,18,72,30,capped360,split_patient,16,1217,64.65,81.62,16.97,135.7,163.58,27.88,78.63,157.28,1.262,False,17337,104543,0,121880,0.3122,0.0,1.0,1.0476,74.0,69.6,,70.2,False
153,Metabolismo+Nutrizione_W30_H32_capped360_split_patient,Metabolismo+Nutrizione,2,18,72,30,capped360,split_patient,32,2433,64.36,81.89,17.53,136.76,163.63,26.87,80.37,158.69,1.272,True,15424,101095,5361,121880,0.2789,0.7581,0.2419,0.3692,73.4,69.9,67.1,70.2,False
154,Metabolismo+Nutrizione_W30_H64_capped360_split_patient,Metabolismo+Nutrizione,2,18,72,30,capped360,split_patient,64,4865,58.31,85.22,26.91,117.32,159.22,41.91,85.49,151.93,1.461,True,18679,95401,7800,121880,0.3482,0.7385,0.2615,0.4355,72.9,69.9,67.3,70.2,False
155,Metabolismo+Nutrizione_W30_H1_capped360_split_temporal,Metabolismo+Nutrizione,2,18,72,30,capped360,split_temporal,1,75,70.36,126.14,55.77,139.92,358.57,218.66,81.97,136.01,1.793,False,0,136150,3367,139517,1.0,0.1277,0.8723,1.327,,70.2,68.2,70.2,False
156,Metabolismo+Nutrizione_W30_H2_capped360_split_temporal,Metabolismo+Nutrizione,2,18,72,30,capped360,split_temporal,2,153,68.19,115.42,47.22,137.09,315.01,177.92,79.33,129.11,1.692,False,18355,121162,0,139517,0.2977,0.0,1.0,1.0434,68.2,70.5,,70.2,False
157,Metabolismo+Nutrizione_W30_H3_capped360_split_temporal,Metabolismo+Nutrizione,2,18,72,30,capped360,split_temporal,3,229,66.28,108.65,42.37,131.43,300.76,169.33,77.66,125.76,1.639,False,12513,127004,0,139517,0.163,0.0,1.0,1.0132,72.7,69.9,,70.2,False
158,Metabolismo+Nutrizione_W30_H5_capped360_split_temporal,Metabolismo+Nutrizione,2,18,72,30,capped360,split_temporal,5,381,63.42,98.32,34.9,124.42,259.6,135.18,73.54,115.13,1.55,False,18521,120996,0,139517,0.1394,0.0,1.0,1.0097,71.6,70.0,,70.2,False
159,Metabolismo+Nutrizione_W30_H8_capped360_split_temporal,Metabolismo+Nutrizione,2,18,72,30,capped360,split_temporal,8,609,60.89,103.35,42.46,117.48,270.73,153.26,74.57,116.46,1.697,False,18062,121455,0,139517,0.1939,0.0,1.0,1.0186,71.4,70.0,,70.2,False
160,Metabolismo+Nutrizione_W30_H16_capped360_split_temporal,Metabolismo+Nutrizione,2,18,72,30,capped360,split_temporal,16,1217,60.92,103.52,42.59,121.78,280.79,159.01,74.33,118.27,1.699,True,15140,122243,2134,139517,0.1456,0.6715,0.3285,0.3593,71.8,70.1,66.1,70.2,False
161,Metabolismo+Nutrizione_W30_H32_capped360_split_temporal,Metabolismo+Nutrizione,2,18,72,30,capped360,split_temporal,32,2433,58.69,99.44,40.75,115.61,261.39,145.78,72.17,112.54,1.694,False,18780,119874,863,139517,0.1732,0.6535,0.3465,0.3874,71.4,70.0,65.3,70.2,False
162,Metabolismo+Nutrizione_W30_H64_capped360_split_temporal,Metabolismo+Nutrizione,2,18,72,30,capped360,split_temporal,64,4865,55.92,98.16,42.23,111.39,252.31,140.93,70.58,110.24,1.755,True,20707,111249,7561,139517,0.1801,0.6803,0.3197,0.3669,71.3,70.2,67.5,70.2,False
163,Metabolismo+Nutrizione_W30_H72_capped360_split_temporal,Metabolismo+Nutrizione,2,18,72,30,capped360,split_temporal,72,5473,54.17,99.56,45.39,105.26,253.8,148.54,72.1,109.52,1.838,True,21198,111289,7030,139517,0.1994,0.6984,0.3016,0.3616,72.0,70.1,66.5,70.2,False
164,AV+Anemia+Metabolismo_W30_H1_capped360_split_patient,AV+Anemia+Metabolismo,3,39,156,30,capped360,split_patient,1,159,79.79,87.59,7.8,170.72,184.19,13.47,89.37,187.27,1.098,False,11316,110564,0,121880,0.3521,0.0,1.0,1.0602,74.4,69.8,,70.2,False
165,AV+Anemia+Metabolismo_W30_H2_capped360_split_patient,AV+Anemia+Metabolismo,3,39,156,30,capped360,split_patient,2,321,85.28,90.19,4.91,186.65,194.86,8.21,90.49,196.33,1.058,False,13732,108148,0,121880,0.3783,0.0,1.0,1.0692,72.9,69.9,,70.2,False
166,AV+Anemia+Metabolismo_W30_H3_capped360_split_patient,AV+Anemia+Metabolismo,3,39,156,30,capped360,split_patient,3,481,78.04,87.77,9.73,169.56,182.34,12.78,89.58,186.33,1.125,False,15677,106203,0,121880,0.3972,0.0,1.0,1.076,73.9,69.6,,70.2,False
167,AV+Anemia+Metabolismo_W30_H5_capped360_split_patient,AV+Anemia+Metabolismo,3,39,156,30,capped360,split_patient,5,801,72.89,86.55,13.66,154.11,173.24,19.13,88.54,177.97,1.187,False,16170,105710,0,121880,0.3918,0.0,1.0,1.074,74.2,69.6,,70.2,False
168,AV+Anemia+Metabolismo_W30_H8_capped360_split_patient,AV+Anemia+Metabolismo,3,39,156,30,capped360,split_patient,8,1281,73.26,86.95,13.7,158.39,183.35,24.96,87.95,188.35,1.187,True,13727,106058,2095,121880,0.3854,0.6864,0.3136,0.4969,73.8,69.9,63.3,70.2,False
169,AV+Anemia+Metabolismo_W30_H16_capped360_split_patient,AV+Anemia+Metabolismo,3,39,156,30,capped360,split_patient,16,2561,63.96,86.67,22.71,131.64,168.33,36.69,90.27,172.96,1.355,False,16892,104538,450,121880,0.3952,0.7556,0.2444,0.4647,73.4,69.7,69.8,70.2,False
170,AV+Anemia+Metabolismo_W30_H32_capped360_split_patient,AV+Anemia+Metabolismo,3,39,156,30,capped360,split_patient,32,5121,50.2,91.11,40.91,101.84,168.46,66.61,87.09,169.27,1.815,True,19577,95672,6631,121880,0.4544,0.7323,0.2677,0.5274,72.4,70.0,66.2,70.2,False
171,AV+Anemia+Metabolismo_W30_H1_capped360_split_temporal,AV+Anemia+Metabolismo,3,39,156,30,capped360,split_temporal,1,159,63.7,116.64,52.95,121.08,321.97,200.89,75.53,118.0,1.831,False,4753,134764,0,139517,0.1275,0.0,1.0,1.0081,70.2,70.2,,70.2,False
172,AV+Anemia+Metabolismo_W30_H2_capped360_split_temporal,AV+Anemia+Metabolismo,3,39,156,30,capped360,split_temporal,2,321,66.65,118.51,51.86,127.46,330.52,203.06,76.29,122.64,1.778,False,0,139517,0,139517,1.0,0.0,1.0,1.4142,,70.2,,70.2,False
173,AV+Anemia+Metabolismo_W30_H3_capped360_split_temporal,AV+Anemia+Metabolismo,3,39,156,30,capped360,split_temporal,3,481,62.36,118.1,55.74,117.34,327.43,210.08,76.32,119.37,1.894,False,5715,133802,0,139517,0.1801,0.0,1.0,1.0161,71.2,70.1,,70.2,False
174,AV+Anemia+Metabolismo_W30_H5_capped360_split_temporal,AV+Anemia+Metabolismo,3,39,156,30,capped360,split_temporal,5,801,56.61,114.75,58.13,104.56,313.06,208.5,73.73,109.32,2.027,False,8783,130734,0,139517,0.2015,0.0,1.0,1.0201,70.8,70.1,,70.2,False
175,AV+Anemia+Metabolismo_W30_H8_capped360_split_temporal,AV+Anemia+Metabolismo,3,39,156,30,capped360,split_temporal,8,1281,52.57,115.45,62.88,94.15,316.77,222.63,71.76,104.55,2.196,False,8468,131049,0,139517,0.1989,0.0,1.0,1.0196,70.2,70.2,,70.2,False
176,AV+Anemia+Metabolismo_W30_H16_capped360_split_temporal,AV+Anemia+Metabolismo,3,39,156,30,capped360,split_temporal,16,2561,47.49,114.67,67.18,83.91,309.3,225.39,70.75,100.95,2.415,False,10283,129230,4,139517,0.2485,0.5,0.5,0.5583,70.3,70.2,64.2,70.2,False
177,AV+Anemia+Metabolismo_W30_H32_capped360_split_temporal,AV+Anemia+Metabolismo,3,39,156,30,capped360,split_temporal,32,5121,43.45,114.48,71.03,74.93,309.71,234.78,69.01,96.88,2.635,True,10622,121811,7084,139517,0.2762,0.7331,0.2669,0.3841,70.7,70.4,66.0,70.2,False
178,AV+Anemia+Metabolismo_W30_H64_capped360_split_temporal,AV+Anemia+Metabolismo,3,39,156,30,capped360,split_temporal,64,10241,37.96,112.26,74.3,60.11,290.08,229.96,68.43,87.27,2.957,True,14274,112631,12612,139517,0.2838,0.6825,0.3175,0.4259,70.9,70.2,68.8,70.2,False
179,AV+Anemia+Metabolismo_W30_H128_capped360_split_temporal,AV+Anemia+Metabolismo,3,39,156,30,capped360,split_temporal,128,20481,32.32,114.72,82.4,50.57,276.39,225.82,68.42,81.87,3.55,True,13206,104514,21797,139517,0.2912,0.6772,0.3228,0.4347,70.3,70.5,68.7,70.2,False
180,AV+Anemia+Metabolismo_W30_H156_capped360_split_temporal,AV+Anemia+Metabolismo,3,39,156,30,capped360,split_temporal,156,24961,30.17,112.97,82.8,45.02,279.03,234.02,65.88,78.2,3.744,True,15281,101264,22972,139517,0.3101,0.7132,0.2868,0.4224,70.8,70.5,68.5,70.2,False
181,AV+Anemia+Nutrizione_W30_H1_capped360_split_patient,AV+Anemia+Nutrizione,3,38,152,30,capped360,split_patient,1,155,93.29,96.27,2.98,198.18,197.29,0.88,93.55,195.85,1.032,False,0,120679,1201,121880,1.0,0.5545,0.4455,1.0947,,70.3,60.2,70.2,False
182,AV+Anemia+Nutrizione_W30_H2_capped360_split_patient,AV+Anemia+Nutrizione,3,38,152,30,capped360,split_patient,2,313,81.31,84.51,3.2,176.15,180.02,3.87,82.47,174.08,1.039,False,15157,106723,0,121880,0.2974,0.0,1.0,1.0433,73.8,69.7,,70.2,False
183,AV+Anemia+Nutrizione_W30_H3_capped360_split_patient,AV+Anemia+Nutrizione,3,38,152,30,capped360,split_patient,3,469,69.75,79.2,9.45,145.8,157.53,11.73,76.2,152.1,1.135,False,18143,103737,0,121880,0.2794,0.0,1.0,1.0383,74.3,69.5,,70.2,False
184,AV+Anemia+Nutrizione_W30_H5_capped360_split_patient,AV+Anemia+Nutrizione,3,38,152,30,capped360,split_patient,5,781,65.68,77.7,12.02,134.79,153.17,18.38,75.66,150.19,1.183,False,19509,102371,0,121880,0.292,0.0,1.0,1.0418,74.1,69.4,,70.2,False
185,AV+Anemia+Nutrizione_W30_H8_capped360_split_patient,AV+Anemia+Nutrizione,3,38,152,30,capped360,split_patient,8,1249,61.87,78.84,16.97,126.47,151.1,24.63,75.76,148.27,1.274,False,19799,102081,0,121880,0.3051,0.0,1.0,1.0455,73.8,69.5,,70.2,False
186,AV+Anemia+Nutrizione_W30_H16_capped360_split_patient,AV+Anemia+Nutrizione,3,38,152,30,capped360,split_patient,16,2497,61.1,80.91,19.81,122.81,152.68,29.87,78.3,150.88,1.324,True,19584,98115,4181,121880,0.3203,0.7228,0.2772,0.4236,73.8,69.7,65.1,70.2,False
187,AV+Anemia+Nutrizione_W30_H32_capped360_split_patient,AV+Anemia+Nutrizione,3,38,152,30,capped360,split_patient,32,4993,52.22,82.11,29.89,100.24,146.53,46.29,79.11,146.28,1.572,True,21665,89411,10804,121880,0.3359,0.7579,0.2421,0.4141,73.3,69.8,66.8,70.2,False
188,AV+Anemia+Nutrizione_W30_H1_capped360_split_temporal,AV+Anemia+Nutrizione,3,38,152,30,capped360,split_temporal,1,155,63.3,113.47,50.17,120.97,311.58,190.61,74.77,116.86,1.792,False,7123,132394,0,139517,0.1112,0.0,1.0,1.0062,70.9,70.1,,70.2,False
189,AV+Anemia+Nutrizione_W30_H2_capped360_split_temporal,AV+Anemia+Nutrizione,3,38,152,30,capped360,split_temporal,2,313,73.64,118.63,44.99,127.35,316.24,188.89,81.06,122.66,1.611,False,0,139517,0,139517,1.0,0.0,1.0,1.4142,,70.2,,70.2,False
190,AV+Anemia+Nutrizione_W30_H3_capped360_split_temporal,AV+Anemia+Nutrizione,3,38,152,30,capped360,split_temporal,3,469,61.41,106.38,44.97,117.8,291.99,174.19,73.52,114.01,1.732,False,13459,126058,0,139517,0.1534,0.0,1.0,1.0117,71.0,70.1,,70.2,False
191,AV+Anemia+Nutrizione_W30_H5_capped360_split_temporal,AV+Anemia+Nutrizione,3,38,152,30,capped360,split_temporal,5,781,58.35,107.64,49.29,109.53,293.76,184.23,73.1,111.8,1.845,False,12969,126548,0,139517,0.1685,0.0,1.0,1.0141,71.3,70.1,,70.2,False
192,AV+Anemia+Nutrizione_W30_H8_capped360_split_temporal,AV+Anemia+Nutrizione,3,38,152,30,capped360,split_temporal,8,1249,58.04,106.98,48.94,108.96,293.75,184.79,72.87,110.94,1.843,False,12170,126829,518,139517,0.1376,0.7085,0.2915,0.3223,71.4,70.1,62.8,70.2,False
193,AV+Anemia+Nutrizione_W30_H16_capped360_split_temporal,AV+Anemia+Nutrizione,3,38,152,30,capped360,split_temporal,16,2497,51.85,99.95,48.1,96.37,266.87,170.49,69.14,101.94,1.928,True,16718,121482,1317,139517,0.1422,0.7008,0.2992,0.3313,71.5,70.1,65.3,70.2,False
194,AV+Anemia+Nutrizione_W30_H32_capped360_split_temporal,AV+Anemia+Nutrizione,3,38,152,30,capped360,split_temporal,32,4993,40.44,96.98,56.54,69.91,247.19,177.28,65.69,89.55,2.398,True,21893,114527,3097,139517,0.1899,0.7359,0.2641,0.3253,71.6,69.9,68.9,70.2,False
195,AV+Anemia+Nutrizione_W30_H64_capped360_split_temporal,AV+Anemia+Nutrizione,3,38,152,30,capped360,split_temporal,64,9985,38.23,98.28,60.05,62.1,238.81,176.71,66.04,85.96,2.571,True,24235,102919,12363,139517,0.2327,0.7048,0.2952,0.3759,71.4,70.1,68.1,70.2,False
196,AV+Anemia+Nutrizione_W30_H128_capped360_split_temporal,AV+Anemia+Nutrizione,3,38,152,30,capped360,split_temporal,128,19969,35.19,100.39,65.19,56.97,237.08,180.11,66.43,81.18,2.852,True,22016,94467,23034,139517,0.2293,0.7336,0.2664,0.3515,71.3,70.4,68.2,70.2,False
197,AV+Anemia+Nutrizione_W30_H152_capped360_split_temporal,AV+Anemia+Nutrizione,3,38,152,30,capped360,split_temporal,152,23713,35.23,99.95,64.73,56.36,231.25,174.89,67.12,83.62,2.837,True,22193,92838,24486,139517,0.2059,0.7285,0.2715,0.3407,71.4,70.2,69.1,70.2,False
198,AV+Metabolismo+Nutrizione_W30_H1_capped360_split_patient,AV+Metabolismo+Nutrizione,3,37,148,30,capped360,split_patient,1,151,93.14,95.59,2.44,199.28,197.91,1.37,93.76,197.04,1.026,False,0,120584,1296,121880,1.0,0.6427,0.3573,1.0619,,70.3,61.0,70.2,False
199,AV+Metabolismo+Nutrizione_W30_H2_capped360_split_patient,AV+Metabolismo+Nutrizione,3,37,148,30,capped360,split_patient,2,305,81.48,88.45,6.97,175.88,182.11,6.23,83.42,172.11,1.085,False,21149,100731,0,121880,0.4204,0.0,1.0,1.0848,73.4,69.5,,70.2,False
200,AV+Metabolismo+Nutrizione_W30_H3_capped360_split_patient,AV+Metabolismo+Nutrizione,3,37,148,30,capped360,split_patient,3,457,71.4,81.15,9.75,153.24,166.39,13.14,76.85,154.84,1.137,False,17124,104756,0,121880,0.2941,0.0,1.0,1.0424,74.4,69.5,,70.2,False
201,AV+Metabolismo+Nutrizione_W30_H5_capped360_split_patient,AV+Metabolismo+Nutrizione,3,37,148,30,capped360,split_patient,5,761,70.9,82.34,11.44,153.89,176.26,22.37,78.84,163.92,1.161,False,15411,106469,0,121880,0.3113,0.0,1.0,1.0473,73.8,69.7,,70.2,False
202,AV+Metabolismo+Nutrizione_W30_H8_capped360_split_patient,AV+Metabolismo+Nutrizione,3,37,148,30,capped360,split_patient,8,1217,60.05,79.34,19.29,124.87,151.52,26.66,78.59,145.95,1.321,False,19489,102391,0,121880,0.3187,0.0,1.0,1.0496,73.6,69.6,,70.2,False
203,AV+Metabolismo+Nutrizione_W30_H16_capped360_split_patient,AV+Metabolismo+Nutrizione,3,37,148,30,capped360,split_patient,16,2433,57.88,80.7,22.83,116.05,149.16,33.11,79.15,142.68,1.394,True,20877,97850,3153,121880,0.345,0.8002,0.1998,0.3987,73.9,69.5,66.2,70.2,False
204,AV+Metabolismo+Nutrizione_W30_H32_capped360_split_patient,AV+Metabolismo+Nutrizione,3,37,148,30,capped360,split_patient,32,4865,49.57,82.86,33.29,96.76,148.67,51.91,82.82,139.81,1.672,True,22318,91761,7801,121880,0.3721,0.7577,0.2423,0.444,73.1,69.8,66.1,70.2,False
205,AV+Metabolismo+Nutrizione_W30_H1_capped360_split_temporal,AV+Metabolismo+Nutrizione,3,37,148,30,capped360,split_temporal,1,151,63.27,113.39,50.12,121.57,312.26,190.69,74.81,116.69,1.792,False,7338,132179,0,139517,0.1466,0.0,1.0,1.0107,70.0,70.2,,70.2,False
206,AV+Metabolismo+Nutrizione_W30_H2_capped360_split_temporal,AV+Metabolismo+Nutrizione,3,37,148,30,capped360,split_temporal,2,305,64.78,110.9,46.12,124.29,301.49,177.19,75.59,117.07,1.712,False,24070,115447,0,139517,0.2714,0.0,1.0,1.0362,69.8,70.3,,70.2,False
207,AV+Metabolismo+Nutrizione_W30_H3_capped360_split_temporal,AV+Metabolismo+Nutrizione,3,37,148,30,capped360,split_temporal,3,457,61.35,106.35,45.0,116.26,291.02,174.77,74.52,115.61,1.733,False,13262,126255,0,139517,0.1584,0.0,1.0,1.0125,70.3,70.2,,70.2,False
208,AV+Metabolismo+Nutrizione_W30_H5_capped360_split_temporal,AV+Metabolismo+Nutrizione,3,37,148,30,capped360,split_temporal,5,761,59.14,98.27,39.14,111.69,259.3,147.61,70.63,107.68,1.662,False,19026,120491,0,139517,0.1567,0.0,1.0,1.0122,70.8,70.1,,70.2,False
209,AV+Metabolismo+Nutrizione_W30_H8_capped360_split_temporal,AV+Metabolismo+Nutrizione,3,37,148,30,capped360,split_temporal,8,1217,59.14,108.79,49.65,115.11,300.44,185.33,72.63,114.61,1.84,True,10951,127467,1099,139517,0.1793,0.8171,0.1829,0.2561,69.8,70.2,68.7,70.2,True
210,AV+Metabolismo+Nutrizione_W30_H16_capped360_split_temporal,AV+Metabolismo+Nutrizione,3,37,148,30,capped360,split_temporal,16,2433,47.67,98.49,50.82,84.98,259.29,174.31,67.03,92.01,2.066,False,19602,119915,0,139517,0.1808,0.0,1.0,1.0162,71.7,69.9,,70.2,False
211,AV+Metabolismo+Nutrizione_W30_H32_capped360_split_temporal,AV+Metabolismo+Nutrizione,3,37,148,30,capped360,split_temporal,32,4865,42.86,101.03,58.17,75.05,261.8,186.75,64.73,88.33,2.357,True,18949,116902,3666,139517,0.2171,0.7114,0.2886,0.3611,71.1,70.1,69.2,70.2,False
212,AV+Metabolismo+Nutrizione_W30_H64_capped360_split_temporal,AV+Metabolismo+Nutrizione,3,37,148,30,capped360,split_temporal,64,9729,35.82,99.03,63.2,57.71,242.45,184.74,64.54,79.19,2.764,True,23402,104330,11785,139517,0.2343,0.7062,0.2938,0.3758,71.3,70.3,66.6,70.2,False
213,AV+Metabolismo+Nutrizione_W30_H128_capped360_split_temporal,AV+Metabolismo+Nutrizione,3,37,148,30,capped360,split_temporal,128,19457,39.54,97.29,57.75,62.47,224.36,161.89,66.4,79.97,2.461,True,24852,100824,13841,139517,0.2252,0.7529,0.2471,0.3343,71.0,70.3,67.6,70.2,False
214,AV+Metabolismo+Nutrizione_W30_H148_capped360_split_temporal,AV+Metabolismo+Nutrizione,3,37,148,30,capped360,split_temporal,148,22497,33.71,100.12,66.4,54.23,238.93,184.7,66.21,81.15,2.97,True,20922,99326,19269,139517,0.2177,0.7319,0.2681,0.3454,71.3,70.4,67.7,70.2,False
215,Anemia+Metabolismo+Nutrizione_W30_H1_capped360_split_patient,Anemia+Metabolismo+Nutrizione,3,26,104,30,capped360,split_patient,1,107,82.85,87.86,5.01,184.49,192.18,7.69,87.38,187.75,1.06,False,7651,114229,0,121880,0.2708,0.0,1.0,1.036,73.8,70.0,,70.2,False
216,Anemia+Metabolismo+Nutrizione_W30_H2_capped360_split_patient,Anemia+Metabolismo+Nutrizione,3,26,104,30,capped360,split_patient,2,217,83.91,86.69,2.78,191.78,195.66,3.88,86.53,189.5,1.033,False,10223,111657,0,121880,0.2366,0.0,1.0,1.0276,74.2,69.8,,70.2,False
217,Anemia+Metabolismo+Nutrizione_W30_H3_capped360_split_patient,Anemia+Metabolismo+Nutrizione,3,26,104,30,capped360,split_patient,3,325,74.19,82.38,8.19,163.1,172.48,9.37,80.39,165.38,1.11,False,13833,108047,0,121880,0.2435,0.0,1.0,1.0292,72.4,69.9,,70.2,False
218,Anemia+Metabolismo+Nutrizione_W30_H5_capped360_split_patient,Anemia+Metabolismo+Nutrizione,3,26,104,30,capped360,split_patient,5,541,70.45,79.17,8.72,151.55,166.88,15.33,78.63,164.8,1.124,False,14751,107129,0,121880,0.2502,0.0,1.0,1.0308,73.8,69.7,,70.2,False
219,Anemia+Metabolismo+Nutrizione_W30_H8_capped360_split_patient,Anemia+Metabolismo+Nutrizione,3,26,104,30,capped360,split_patient,8,865,67.68,78.04,10.36,145.05,162.57,17.52,77.29,161.91,1.153,False,14976,106904,0,121880,0.2477,0.0,1.0,1.0302,73.5,69.7,,70.2,False
220,Anemia+Metabolismo+Nutrizione_W30_H16_capped360_split_patient,Anemia+Metabolismo+Nutrizione,3,26,104,30,capped360,split_patient,16,1729,63.2,81.16,17.97,130.28,159.13,28.85,78.56,154.59,1.284,False,18020,103507,353,121880,0.3165,0.6346,0.3654,0.4834,73.8,69.6,63.9,70.2,False
221,Anemia+Metabolismo+Nutrizione_W30_H32_capped360_split_patient,Anemia+Metabolismo+Nutrizione,3,26,104,30,capped360,split_patient,32,3457,60.28,82.84,22.56,122.15,161.13,38.98,82.03,157.17,1.374,True,17099,95573,9208,121880,0.3198,0.6823,0.3177,0.4508,72.9,70.1,66.7,70.2,False
222,Anemia+Metabolismo+Nutrizione_W30_H64_capped360_split_patient,Anemia+Metabolismo+Nutrizione,3,26,104,30,capped360,split_patient,64,6913,51.31,87.86,36.55,99.75,153.79,54.04,86.79,150.02,1.712,True,22042,86744,13094,121880,0.3975,0.688,0.312,0.5053,72.3,69.9,68.9,70.2,False
223,Anemia+Metabolismo+Nutrizione_W30_H1_capped360_split_temporal,Anemia+Metabolismo+Nutrizione,3,26,104,30,capped360,split_temporal,1,107,66.53,114.55,48.02,132.23,316.74,184.51,78.2,127.25,1.722,False,6746,132771,0,139517,0.1422,0.0,1.0,1.0101,71.5,70.1,,70.2,False
224,Anemia+Metabolismo+Nutrizione_W30_H2_capped360_split_temporal,Anemia+Metabolismo+Nutrizione,3,26,104,30,capped360,split_temporal,2,217,67.53,111.1,43.57,135.49,310.95,175.45,78.58,128.08,1.645,False,16523,122994,0,139517,0.1842,0.0,1.0,1.0168,71.5,70.0,,70.2,False
225,Anemia+Metabolismo+Nutrizione_W30_H3_capped360_split_temporal,Anemia+Metabolismo+Nutrizione,3,26,104,30,capped360,split_temporal,3,325,65.43,108.94,43.51,128.48,297.0,168.51,77.05,123.83,1.665,False,12111,127406,0,139517,0.1701,0.0,1.0,1.0144,71.4,70.1,,70.2,False
226,Anemia+Metabolismo+Nutrizione_W30_H5_capped360_split_temporal,Anemia+Metabolismo+Nutrizione,3,26,104,30,capped360,split_temporal,5,541,62.45,98.78,36.33,124.07,264.97,140.9,74.23,118.04,1.582,False,18450,121067,0,139517,0.1466,0.0,1.0,1.0107,72.3,69.9,,70.2,False
227,Anemia+Metabolismo+Nutrizione_W30_H8_capped360_split_temporal,Anemia+Metabolismo+Nutrizione,3,26,104,30,capped360,split_temporal,8,865,64.02,100.27,36.25,126.96,266.17,139.22,74.45,119.6,1.566,False,17441,122076,0,139517,0.1655,0.0,1.0,1.0136,71.5,70.0,,70.2,False
228,Anemia+Metabolismo+Nutrizione_W30_H16_capped360_split_temporal,Anemia+Metabolismo+Nutrizione,3,26,104,30,capped360,split_temporal,16,1729,58.26,102.33,44.08,113.72,272.37,158.65,73.09,111.43,1.757,False,16425,122439,653,139517,0.1849,0.513,0.487,0.5209,71.7,70.0,67.6,70.2,False
229,Anemia+Metabolismo+Nutrizione_W30_H32_capped360_split_temporal,Anemia+Metabolismo+Nutrizione,3,26,104,30,capped360,split_temporal,32,3457,53.91,98.28,44.37,104.37,251.07,146.7,70.68,104.46,1.823,False,22147,116753,617,139517,0.2133,0.8088,0.1912,0.2865,71.8,69.9,68.0,70.2,False
230,Anemia+Metabolismo+Nutrizione_W30_H64_capped360_split_temporal,Anemia+Metabolismo+Nutrizione,3,26,104,30,capped360,split_temporal,64,6913,51.75,99.37,47.61,99.02,249.59,150.58,71.43,105.22,1.92,True,21850,108613,9054,139517,0.2112,0.6998,0.3002,0.367,71.3,70.2,67.0,70.2,False
231,Anemia+Metabolismo+Nutrizione_W30_H104_capped360_split_temporal,Anemia+Metabolismo+Nutrizione,3,26,104,30,capped360,split_temporal,104,11233,52.04,100.35,48.31,94.73,246.32,151.59,73.25,105.83,1.928,True,20150,108006,11361,139517,0.2073,0.7186,0.2814,0.3495,71.8,70.1,67.8,70.2,False
232,AV+Anemia+Metabolismo+Nutrizione_W30_H1_capped360_split_patient,AV+Anemia+Metabolismo+Nutrizione,4,44,176,30,capped360,split_patient,1,179,76.93,84.88,7.95,165.65,177.52,11.87,84.33,177.17,1.103,False,12519,109361,0,121880,0.3208,0.0,1.0,1.0502,74.1,69.7,,70.2,False
233,AV+Anemia+Metabolismo+Nutrizione_W30_H2_capped360_split_patient,AV+Anemia+Metabolismo+Nutrizione,4,44,176,30,capped360,split_patient,2,361,78.83,83.88,5.05,171.61,180.78,9.17,81.62,175.26,1.064,False,15341,106539,0,121880,0.2974,0.0,1.0,1.0433,73.2,69.8,,70.2,False
234,AV+Anemia+Metabolismo+Nutrizione_W30_H3_capped360_split_patient,AV+Anemia+Metabolismo+Nutrizione,4,44,176,30,capped360,split_patient,3,541,72.68,82.67,9.99,157.74,172.47,14.73,80.48,164.07,1.137,False,17202,104678,0,121880,0.3378,0.0,1.0,1.0555,73.6,69.6,,70.2,False
235,AV+Anemia+Metabolismo+Nutrizione_W30_H5_capped360_split_patient,AV+Anemia+Metabolismo+Nutrizione,4,44,176,30,capped360,split_patient,5,901,65.85,78.74,12.89,134.99,153.98,18.98,76.79,147.19,1.196,False,19274,102606,0,121880,0.3009,0.0,1.0,1.0443,73.6,69.6,,70.2,False
236,AV+Anemia+Metabolismo+Nutrizione_W30_H8_capped360_split_patient,AV+Anemia+Metabolismo+Nutrizione,4,44,176,30,capped360,split_patient,8,1441,61.88,78.81,16.93,130.31,148.23,17.92,77.28,143.17,1.274,True,20548,95987,5345,121880,0.3093,0.7413,0.2587,0.4032,73.2,69.9,63.5,70.2,False
237,AV+Anemia+Metabolismo+Nutrizione_W30_H16_capped360_split_patient,AV+Anemia+Metabolismo+Nutrizione,4,44,176,30,capped360,split_patient,16,2881,56.68,79.51,22.82,114.2,148.83,34.63,77.37,146.45,1.403,True,20551,96504,4825,121880,0.3334,0.7967,0.2033,0.3905,72.6,69.9,66.6,70.2,False
238,AV+Anemia+Metabolismo+Nutrizione_W30_H32_capped360_split_patient,AV+Anemia+Metabolismo+Nutrizione,4,44,176,30,capped360,split_patient,32,5761,46.94,82.35,35.41,90.39,146.1,55.71,83.45,147.13,1.754,True,22962,89985,8933,121880,0.3683,0.7436,0.2564,0.4488,73.3,69.6,67.9,70.2,False
239,AV+Anemia+Metabolismo+Nutrizione_W30_H1_capped360_split_temporal,AV+Anemia+Metabolismo+Nutrizione,4,44,176,30,capped360,split_temporal,1,179,63.22,111.6,48.38,120.29,306.3,186.01,73.78,115.94,1.765,False,7102,132415,0,139517,0.1003,0.0,1.0,1.005,70.5,70.2,,70.2,False
240,AV+Anemia+Metabolismo+Nutrizione_W30_H2_capped360_split_temporal,AV+Anemia+Metabolismo+Nutrizione,4,44,176,30,capped360,split_temporal,2,361,65.2,110.7,45.51,126.86,309.88,183.02,75.68,121.77,1.698,False,18558,120959,0,139517,0.1769,0.0,1.0,1.0155,70.9,70.1,,70.2,False
241,AV+Anemia+Metabolismo+Nutrizione_W30_H3_capped360_split_temporal,AV+Anemia+Metabolismo+Nutrizione,4,44,176,30,capped360,split_temporal,3,541,60.96,106.87,45.9,118.97,294.87,175.9,74.95,115.51,1.753,False,13220,126297,0,139517,0.1577,0.0,1.0,1.0124,70.9,70.1,,70.2,False
242,AV+Anemia+Metabolismo+Nutrizione_W30_H5_capped360_split_temporal,AV+Anemia+Metabolismo+Nutrizione,4,44,176,30,capped360,split_temporal,5,901,55.24,100.49,45.25,102.35,267.45,165.1,70.59,103.58,1.819,False,17450,122067,0,139517,0.1587,0.0,1.0,1.0125,71.0,70.1,,70.2,False
243,AV+Anemia+Metabolismo+Nutrizione_W30_H8_capped360_split_temporal,AV+Anemia+Metabolismo+Nutrizione,4,44,176,30,capped360,split_temporal,8,1441,51.06,101.85,50.8,90.95,270.19,179.23,68.74,100.16,1.995,False,17742,121775,0,139517,0.1911,0.0,1.0,1.0181,71.3,70.0,,70.2,False
244,AV+Anemia+Metabolismo+Nutrizione_W30_H16_capped360_split_temporal,AV+Anemia+Metabolismo+Nutrizione,4,44,176,30,capped360,split_temporal,16,2881,45.72,96.52,50.81,81.79,249.82,168.03,65.65,93.6,2.111,False,20110,119407,0,139517,0.1589,0.0,1.0,1.0125,71.7,69.9,,70.2,False
245,AV+Anemia+Metabolismo+Nutrizione_W30_H32_capped360_split_temporal,AV+Anemia+Metabolismo+Nutrizione,4,44,176,30,capped360,split_temporal,32,5761,39.15,100.28,61.13,64.21,254.16,189.95,66.1,86.0,2.561,True,21276,114448,3793,139517,0.2153,0.6164,0.3836,0.4399,71.2,70.1,67.4,70.2,False
246,AV+Anemia+Metabolismo+Nutrizione_W30_H64_capped360_split_temporal,AV+Anemia+Metabolismo+Nutrizione,4,44,176,30,capped360,split_temporal,64,11521,36.53,96.29,59.76,59.08,231.95,172.87,64.83,81.19,2.636,True,25928,102807,10782,139517,0.2228,0.7647,0.2353,0.324,71.1,70.2,67.8,70.2,False
247,AV+Anemia+Metabolismo+Nutrizione_W30_H128_capped360_split_temporal,AV+Anemia+Metabolismo+Nutrizione,4,44,176,30,capped360,split_temporal,128,23041,33.89,101.25,67.36,53.51,240.14,186.64,67.2,80.62,2.987,True,21330,100466,17721,139517,0.257,0.7299,0.2701,0.3728,71.3,70.1,69.5,70.2,False
248,AV+Anemia+Metabolismo+Nutrizione_W30_H176_capped360_split_temporal,AV+Anemia+Metabolismo+Nutrizione,4,44,176,30,capped360,split_temporal,176,31681,30.62,99.08,68.46,44.32,224.3,179.98,65.51,72.05,3.236,True,26399,96168,16950,139517,0.2408,0.7519,0.2481,0.3457,71.3,70.4,67.5,70.2,False
249,AV_W30_H1_uncapped_split_patient,AV,1,26,104,30,uncapped,split_patient,1,107,194.64,206.16,11.52,236.67,252.95,16.28,203.44,256.46,1.059,True,8137,26180,87563,121880,0.334,0.6617,0.3383,0.4754,75.7,73.4,68.7,70.2,False
250,AV_W30_H2_uncapped_split_patient,AV,1,26,104,30,uncapped,split_patient,2,217,199.41,211.55,12.13,239.93,249.2,9.27,203.45,247.81,1.061,False,0,31357,90523,121880,1.0,0.6514,0.3486,1.059,,72.8,69.3,70.2,False
251,AV_W30_H3_uncapped_split_patient,AV,1,26,104,30,uncapped,split_patient,3,325,184.9,202.06,17.16,227.92,244.5,16.57,195.22,242.77,1.093,True,15267,17664,88949,121880,0.4053,0.6649,0.3351,0.5259,74.7,72.7,68.9,70.2,False
252,AV_W30_H5_uncapped_split_patient,AV,1,26,104,30,uncapped,split_patient,5,541,177.89,202.96,25.07,213.19,239.72,26.53,197.55,240.18,1.141,True,12479,32841,76560,121880,0.4049,0.6804,0.3196,0.5158,75.6,73.0,68.1,70.2,False
253,AV_W30_H8_uncapped_split_patient,AV,1,26,104,30,uncapped,split_patient,8,865,175.64,202.67,27.04,202.12,228.42,26.3,194.27,229.42,1.154,True,14413,33630,73837,121880,0.413,0.6911,0.3089,0.5157,74.5,71.8,68.6,70.2,False
254,AV_W30_H16_uncapped_split_patient,AV,1,26,104,30,uncapped,split_patient,16,1729,166.7,203.27,36.57,187.48,224.49,37.0,195.97,225.4,1.219,True,16208,36585,69087,121880,0.4033,0.6941,0.3059,0.5062,74.6,71.4,68.5,70.2,False
255,AV_W30_H32_uncapped_split_patient,AV,1,26,104,30,uncapped,split_patient,32,3457,161.59,206.28,44.69,163.96,207.56,43.6,197.43,212.84,1.277,True,19478,41993,60409,121880,0.4424,0.7022,0.2978,0.5333,73.7,70.7,68.7,70.2,False
256,AV_W30_H64_uncapped_split_patient,AV,1,26,104,30,uncapped,split_patient,64,6913,155.67,212.21,56.55,147.46,199.41,51.95,195.76,199.71,1.363,True,21984,45950,53946,121880,0.4496,0.7017,0.2983,0.5396,73.8,70.3,68.6,70.2,False
257,AV_W30_H104_uncapped_split_patient,AV,1,26,104,30,uncapped,split_patient,104,11233,152.17,210.36,58.2,146.9,203.64,56.74,199.33,202.84,1.382,True,21241,44556,56083,121880,0.4285,0.7038,0.2962,0.5209,74.2,71.1,68.0,70.2,False
258,AV_W30_H1_uncapped_split_temporal,AV,1,26,104,30,uncapped,split_temporal,1,107,234.58,473.67,239.09,187.29,483.75,296.46,181.53,167.83,2.019,False,0,31888,107629,139517,1.0,0.5881,0.4119,1.0815,,74.2,69.0,70.2,False
259,AV_W30_H2_uncapped_split_temporal,AV,1,26,104,30,uncapped,split_temporal,2,217,253.68,191.04,62.63,195.27,429.12,233.84,196.48,177.25,0.753,False,0,1044,138473,139517,1.0,0.506,0.494,1.1154,,69.0,70.2,70.2,False
260,AV_W30_H3_uncapped_split_temporal,AV,1,26,104,30,uncapped,split_temporal,3,325,217.03,208.17,8.86,199.46,450.5,251.04,177.94,177.72,0.959,True,5360,9511,124646,139517,0.1916,0.5479,0.4521,0.491,69.7,73.1,70.0,70.2,False
261,AV_W30_H5_uncapped_split_temporal,AV,1,26,104,30,uncapped,split_temporal,5,541,214.38,197.11,17.27,185.9,424.87,238.97,172.82,165.68,0.919,True,5860,20017,113640,139517,0.18,0.5804,0.4196,0.4566,70.1,72.8,69.7,70.2,False
262,AV_W30_H8_uncapped_split_temporal,AV,1,26,104,30,uncapped,split_temporal,8,865,211.14,200.2,10.94,182.58,423.68,241.1,171.3,163.02,0.948,True,5483,22791,111243,139517,0.1716,0.5814,0.4186,0.4524,71.3,73.2,69.5,70.2,False
263,AV_W30_H16_uncapped_split_temporal,AV,1,26,104,30,uncapped,split_temporal,16,1729,196.62,203.41,6.79,177.83,419.37,241.54,166.91,161.7,1.035,True,6448,22810,110259,139517,0.1751,0.5908,0.4092,0.4451,69.4,73.1,69.6,70.2,False
264,AV_W30_H32_uncapped_split_temporal,AV,1,26,104,30,uncapped,split_temporal,32,3457,188.54,192.82,4.28,155.26,381.5,226.24,163.49,144.51,1.023,True,8871,32401,98245,139517,0.1934,0.6093,0.3907,0.4359,72.3,72.1,69.3,70.2,False
265,AV_W30_H64_uncapped_split_temporal,AV,1,26,104,30,uncapped,split_temporal,64,6913,141.71,207.75,66.03,117.74,398.26,280.52,155.02,133.96,1.466,True,11468,26751,101298,139517,0.2418,0.6014,0.3986,0.4662,70.9,72.4,69.5,70.2,False
266,AV_W30_H104_uncapped_split_temporal,AV,1,26,104,30,uncapped,split_temporal,104,11233,150.92,194.78,43.86,120.0,369.5,249.5,151.54,121.52,1.291,True,10425,37624,91468,139517,0.2163,0.6377,0.3623,0.422,72.0,72.6,69.0,70.2,False
267,Anemia_W30_H1_uncapped_split_patient,Anemia,1,8,32,30,uncapped,split_patient,1,35,219.14,inf,inf,290.88,inf,inf,221.19,290.57,inf,False,0,29283,92597,121880,1.0,0.6135,0.3865,1.0721,,71.7,69.7,70.2,False
268,Anemia_W30_H2_uncapped_split_patient,Anemia,1,8,32,30,uncapped,split_patient,2,73,218.14,221.68,3.54,285.65,283.26,2.39,219.46,287.09,1.016,False,0,35404,86476,121880,1.0,0.6196,0.3804,1.0699,,71.4,69.7,70.2,False
269,Anemia_W30_H3_uncapped_split_patient,Anemia,1,8,32,30,uncapped,split_patient,3,109,211.27,219.16,7.88,264.97,272.47,7.5,215.8,275.97,1.037,True,6855,15769,99256,121880,0.5371,0.6143,0.3857,0.6612,72.8,70.9,69.9,70.2,False
270,Anemia_W30_H5_uncapped_split_patient,Anemia,1,8,32,30,uncapped,split_patient,5,181,209.37,218.79,9.42,261.61,270.25,8.65,217.05,277.07,1.045,True,8490,18716,94674,121880,0.5106,0.6155,0.3845,0.6392,72.8,70.8,69.8,70.2,False
271,Anemia_W30_H8_uncapped_split_patient,Anemia,1,8,32,30,uncapped,split_patient,8,289,207.1,216.7,9.59,259.68,268.6,8.92,215.14,279.57,1.046,True,7231,21219,93430,121880,0.4395,0.6202,0.3798,0.5809,72.7,71.0,69.8,70.2,False
272,Anemia_W30_H16_uncapped_split_patient,Anemia,1,8,32,30,uncapped,split_patient,16,577,204.42,218.19,13.77,250.76,263.86,13.1,213.66,271.18,1.067,True,8631,26676,86573,121880,0.4654,0.6252,0.3748,0.5976,73.1,71.1,69.6,70.2,False
273,Anemia_W30_H32_uncapped_split_patient,Anemia,1,8,32,30,uncapped,split_patient,32,1153,205.62,219.32,13.7,239.18,251.15,11.97,215.27,258.0,1.067,True,9040,36085,76755,121880,0.4616,0.6292,0.3708,0.5921,72.4,71.1,69.5,70.2,False
274,Anemia_W30_H1_uncapped_split_temporal,Anemia,1,8,32,30,uncapped,split_temporal,1,35,254.18,195.27,58.91,197.15,447.97,250.82,199.59,185.74,0.768,False,198,14532,124787,139517,0.6616,0.5318,0.4682,0.8105,64.1,71.4,70.1,70.2,False
275,Anemia_W30_H2_uncapped_split_temporal,Anemia,1,8,32,30,uncapped,split_temporal,2,73,247.7,218.04,29.66,217.1,505.53,288.43,204.54,210.0,0.88,False,0,13109,126408,139517,1.0,0.5218,0.4782,1.1085,,71.3,70.1,70.2,False
276,Anemia_W30_H3_uncapped_split_temporal,Anemia,1,8,32,30,uncapped,split_temporal,3,109,247.37,205.44,41.93,207.98,477.17,269.19,199.72,198.02,0.83,True,1051,11213,127253,139517,0.2131,0.5281,0.4719,0.5178,65.8,72.1,70.0,70.2,False
277,Anemia_W30_H5_uncapped_split_temporal,Anemia,1,8,32,30,uncapped,split_temporal,5,181,243.91,207.05,36.85,207.98,472.18,264.2,198.34,198.3,0.849,True,1580,11944,125993,139517,0.1462,0.5341,0.4659,0.4883,69.9,72.2,70.0,70.2,False
278,Anemia_W30_H8_uncapped_split_temporal,Anemia,1,8,32,30,uncapped,split_temporal,8,289,244.38,200.85,43.53,201.32,454.74,253.42,196.78,190.66,0.822,True,1771,16086,121660,139517,0.2044,0.5419,0.4581,0.5016,67.6,72.3,69.9,70.2,False
279,Anemia_W30_H16_uncapped_split_temporal,Anemia,1,8,32,30,uncapped,split_temporal,16,577,245.53,196.92,48.61,197.25,441.57,244.33,195.98,186.01,0.802,True,1878,20369,117270,139517,0.2151,0.5489,0.4511,0.4998,67.6,72.2,69.9,70.2,False
280,Anemia_W30_H32_uncapped_split_temporal,Anemia,1,8,32,30,uncapped,split_temporal,32,1153,241.73,199.91,41.82,198.48,445.32,246.84,196.35,188.79,0.827,True,2770,20017,116730,139517,0.1986,0.5489,0.4511,0.4929,69.3,72.3,69.8,70.2,False
281,Metabolismo_W30_H1_uncapped_split_patient,Metabolismo,1,7,28,30,uncapped,split_patient,1,31,221.4,223.29,1.89,297.53,293.26,4.27,223.76,294.12,1.009,False,0,17186,104694,121880,1.0,0.5931,0.4069,1.0796,,71.3,70.0,70.2,False
282,Metabolismo_W30_H2_uncapped_split_patient,Metabolismo,1,7,28,30,uncapped,split_patient,2,65,221.46,222.6,1.14,306.1,299.96,6.14,222.65,301.96,1.005,False,0,0,121880,121880,1.0,0.5796,0.4204,1.0848,,,70.2,70.2,False
283,Metabolismo_W30_H3_uncapped_split_patient,Metabolismo,1,7,28,30,uncapped,split_patient,3,97,215.03,217.01,1.98,285.91,282.96,2.96,216.41,281.04,1.009,True,3262,7281,111337,121880,0.3397,0.6068,0.3932,0.5196,72.3,69.9,70.2,70.2,False
284,Metabolismo_W30_H5_uncapped_split_patient,Metabolismo,1,7,28,30,uncapped,split_patient,5,161,210.58,217.51,6.93,276.04,279.4,3.37,215.81,269.91,1.033,True,3394,23285,95201,121880,0.3789,0.6146,0.3854,0.5405,71.3,70.0,70.2,70.2,False
285,Metabolismo_W30_H8_uncapped_split_patient,Metabolismo,1,7,28,30,uncapped,split_patient,8,257,206.24,217.65,11.41,270.97,281.7,10.72,213.97,269.27,1.055,True,3873,18927,99080,121880,0.3963,0.612,0.388,0.5546,72.1,71.1,70.0,70.2,False
286,Metabolismo_W30_H16_uncapped_split_patient,Metabolismo,1,7,28,30,uncapped,split_patient,16,513,206.65,216.78,10.13,262.15,270.08,7.93,214.82,259.11,1.049,True,4105,31650,86125,121880,0.408,0.6279,0.3721,0.5522,71.1,71.9,69.5,70.2,False
287,Metabolismo_W30_H28_uncapped_split_patient,Metabolismo,1,7,28,30,uncapped,split_patient,28,897,203.77,216.67,12.9,263.78,274.59,10.81,214.55,260.32,1.063,True,4102,30222,87556,121880,0.3988,0.6268,0.3732,0.5462,71.0,71.8,69.6,70.2,False
288,Metabolismo_W30_H1_uncapped_split_temporal,Metabolismo,1,7,28,30,uncapped,split_temporal,1,31,253.9,209.09,44.81,215.23,502.85,287.62,206.4,207.34,0.824,False,0,0,139517,139517,1.0,0.5065,0.4935,1.1151,,,70.2,70.2,False
289,Metabolismo_W30_H2_uncapped_split_temporal,Metabolismo,1,7,28,30,uncapped,split_temporal,2,65,261.32,194.95,66.37,199.02,457.13,258.12,205.47,189.76,0.746,False,0,788,138729,139517,1.0,0.5071,0.4929,1.1149,,72.1,70.2,70.2,False
290,Metabolismo_W30_H3_uncapped_split_temporal,Metabolismo,1,7,28,30,uncapped,split_temporal,3,97,255.64,200.75,54.88,205.79,472.5,266.71,202.3,194.69,0.785,False,4,1656,137857,139517,0.0,0.5098,0.4902,0.4902,68.0,68.7,70.2,70.2,False
291,Metabolismo_W30_H5_uncapped_split_temporal,Metabolismo,1,7,28,30,uncapped,split_temporal,5,161,248.34,211.96,36.38,219.14,502.23,283.09,200.92,207.27,0.853,False,0,2809,136708,139517,1.0,0.5115,0.4885,1.1129,,61.6,70.4,70.2,False
292,Metabolismo_W30_H8_uncapped_split_temporal,Metabolismo,1,7,28,30,uncapped,split_temporal,8,257,251.19,203.92,47.27,209.9,479.96,270.06,201.38,198.76,0.812,False,153,5541,133823,139517,0.268,0.5126,0.4874,0.5562,63.0,65.2,70.4,70.2,False
293,Metabolismo_W30_H16_uncapped_split_temporal,Metabolismo,1,7,28,30,uncapped,split_temporal,16,513,250.6,202.76,47.84,208.05,474.29,266.23,199.75,196.98,0.809,False,52,6967,132498,139517,0.2115,0.5137,0.4863,0.5303,64.3,66.5,70.4,70.2,False
294,Metabolismo_W30_H28_uncapped_split_temporal,Metabolismo,1,7,28,30,uncapped,split_temporal,28,897,249.08,203.63,45.46,210.12,476.06,265.94,199.43,199.32,0.818,False,258,8505,130754,139517,0.2442,0.5169,0.4831,0.5413,70.4,67.0,70.4,70.2,False
295,Nutrizione_W30_H1_uncapped_split_patient,Nutrizione,1,11,44,30,uncapped,split_patient,1,47,210.37,1903.43,1693.06,265.41,674.53,409.12,206.94,260.56,9.048,False,0,45655,76225,121880,1.0,0.6634,0.3366,1.0551,,73.1,68.5,70.2,False
296,Nutrizione_W30_H2_uncapped_split_patient,Nutrizione,1,11,44,30,uncapped,split_patient,2,97,205.98,210.01,4.03,239.72,239.52,0.2,202.19,224.94,1.02,False,23932,934,97014,121880,0.4582,0.6454,0.3546,0.5794,72.7,72.7,69.5,70.2,False
297,Nutrizione_W30_H3_uncapped_split_patient,Nutrizione,1,11,44,30,uncapped,split_patient,3,145,192.76,198.51,5.75,244.75,249.0,4.25,189.7,230.95,1.03,True,10214,15194,96472,121880,0.2146,0.6552,0.3448,0.4061,74.1,73.2,69.3,70.2,False
298,Nutrizione_W30_H5_uncapped_split_patient,Nutrizione,1,11,44,30,uncapped,split_patient,5,241,182.35,192.77,10.43,210.52,222.01,11.49,181.66,208.6,1.057,True,12790,18157,90933,121880,0.2096,0.6782,0.3218,0.384,73.5,71.5,69.5,70.2,False
299,Nutrizione_W30_H8_uncapped_split_patient,Nutrizione,1,11,44,30,uncapped,split_patient,8,385,179.73,192.74,13.01,205.55,220.12,14.57,180.19,203.64,1.072,True,12793,22215,86872,121880,0.2008,0.6876,0.3124,0.3714,73.6,72.5,69.1,70.2,False
300,Nutrizione_W30_H16_uncapped_split_patient,Nutrizione,1,11,44,30,uncapped,split_patient,16,769,172.94,192.88,19.94,198.07,219.53,21.46,183.26,202.97,1.115,True,13986,21890,86004,121880,0.2284,0.6839,0.3161,0.39,73.1,71.3,69.4,70.2,False
301,Nutrizione_W30_H32_uncapped_split_patient,Nutrizione,1,11,44,30,uncapped,split_patient,32,1537,175.06,193.06,18.0,189.37,210.42,21.06,180.28,192.06,1.103,True,15207,24752,81921,121880,0.2428,0.6925,0.3075,0.3918,73.5,71.0,69.3,70.2,False
302,Nutrizione_W30_H44_uncapped_split_patient,Nutrizione,1,11,44,30,uncapped,split_patient,44,2113,169.51,195.24,25.72,180.18,207.81,27.63,182.98,192.26,1.152,True,15279,29786,76815,121880,0.2524,0.6988,0.3012,0.393,73.2,71.4,69.1,70.2,False
303,Nutrizione_W30_H1_uncapped_split_temporal,Nutrizione,1,11,44,30,uncapped,split_temporal,1,47,231.39,227.26,4.13,235.83,484.92,249.09,196.19,218.48,0.982,True,5118,14317,120082,139517,0.1307,0.5672,0.4328,0.4521,71.4,71.8,69.9,70.2,False
304,Nutrizione_W30_H2_uncapped_split_temporal,Nutrizione,1,11,44,30,uncapped,split_temporal,2,97,236.9,226.78,10.13,239.49,492.51,253.02,199.47,224.6,0.957,False,0,27248,112269,139517,1.0,0.5837,0.4163,1.0832,,70.8,70.0,70.2,False
305,Nutrizione_W30_H3_uncapped_split_temporal,Nutrizione,1,11,44,30,uncapped,split_temporal,3,145,232.29,195.0,37.29,217.44,428.55,211.12,185.93,197.67,0.839,False,0,29196,110321,139517,1.0,0.5868,0.4132,1.082,,69.8,70.3,70.2,False
306,Nutrizione_W30_H5_uncapped_split_temporal,Nutrizione,1,11,44,30,uncapped,split_temporal,5,241,232.08,176.57,55.51,205.31,378.34,173.02,183.15,183.36,0.761,True,11534,23829,104154,139517,0.1705,0.6178,0.3822,0.4185,70.5,71.4,69.9,70.2,False
307,Nutrizione_W30_H8_uncapped_split_temporal,Nutrizione,1,11,44,30,uncapped,split_temporal,8,385,226.68,173.73,52.94,202.17,349.5,147.33,178.58,177.89,0.766,True,17204,25237,97076,139517,0.17,0.6408,0.3592,0.3974,70.9,71.3,69.8,70.2,False
308,Nutrizione_W30_H16_uncapped_split_temporal,Nutrizione,1,11,44,30,uncapped,split_temporal,16,769,226.67,167.04,59.63,195.51,330.71,135.2,177.47,171.22,0.737,True,19589,27021,92907,139517,0.1743,0.654,0.346,0.3874,70.6,70.9,69.9,70.2,False
309,Nutrizione_W30_H32_uncapped_split_temporal,Nutrizione,1,11,44,30,uncapped,split_temporal,32,1537,220.88,165.91,54.97,188.81,314.33,125.51,175.39,167.56,0.751,True,21496,27770,90251,139517,0.1647,0.6622,0.3378,0.3758,70.8,71.0,69.8,70.2,False
310,Nutrizione_W30_H44_uncapped_split_temporal,Nutrizione,1,11,44,30,uncapped,split_temporal,44,2113,211.01,172.87,38.14,191.75,322.41,130.66,172.66,167.87,0.819,True,20905,27441,91171,139517,0.173,0.6627,0.3373,0.3791,70.6,71.0,69.8,70.2,False
311,AV+Anemia_W30_H1_uncapped_split_patient,AV+Anemia,2,33,132,30,uncapped,split_patient,1,135,198.28,inf,inf,241.6,inf,inf,201.29,246.51,inf,False,0,58829,63051,121880,1.0,0.6935,0.3065,1.0459,,72.6,68.0,70.2,False
312,AV+Anemia_W30_H2_uncapped_split_patient,AV+Anemia,2,33,132,30,uncapped,split_patient,2,273,205.29,219.12,13.83,259.82,266.13,6.31,207.54,261.08,1.067,False,0,65793,56087,121880,1.0,0.6761,0.3239,1.0511,,72.2,67.9,70.2,False
313,AV+Anemia_W30_H3_uncapped_split_patient,AV+Anemia,2,33,132,30,uncapped,split_patient,3,409,182.38,201.96,19.58,225.24,243.37,18.13,194.57,242.03,1.107,True,13384,19400,89096,121880,0.367,0.6659,0.3341,0.4963,74.3,73.0,69.0,70.2,False
314,AV+Anemia_W30_H5_uncapped_split_patient,AV+Anemia,2,33,132,30,uncapped,split_patient,5,681,175.52,203.69,28.17,205.39,233.47,28.07,194.05,231.04,1.161,True,14034,31881,75965,121880,0.3736,0.6797,0.3203,0.4921,75.0,72.1,68.5,70.2,False
315,AV+Anemia_W30_H8_uncapped_split_patient,AV+Anemia,2,33,132,30,uncapped,split_patient,8,1089,168.8,203.59,34.78,198.48,230.87,32.39,195.36,237.78,1.206,True,15178,33577,73125,121880,0.4087,0.6856,0.3144,0.5156,75.0,72.0,68.4,70.2,False
316,AV+Anemia_W30_H16_uncapped_split_patient,AV+Anemia,2,33,132,30,uncapped,split_patient,16,2177,162.78,204.66,41.88,179.2,219.66,40.46,193.62,224.1,1.257,True,16308,39646,65926,121880,0.4067,0.6914,0.3086,0.5105,74.4,71.4,68.4,70.2,False
317,AV+Anemia_W30_H32_uncapped_split_patient,AV+Anemia,2,33,132,30,uncapped,split_patient,32,4353,150.47,208.45,57.98,155.15,211.8,56.66,198.33,221.27,1.385,True,20208,37490,64182,121880,0.4335,0.6941,0.3059,0.5306,73.0,71.1,68.8,70.2,False
318,AV+Anemia_W30_H1_uncapped_split_temporal,AV+Anemia,2,33,132,30,uncapped,split_temporal,1,135,233.39,516.44,283.05,185.69,493.08,307.39,181.17,167.65,2.213,False,0,32344,107173,139517,1.0,0.5906,0.4094,1.0806,,73.6,69.1,70.2,False
319,AV+Anemia_W30_H2_uncapped_split_temporal,AV+Anemia,2,33,132,30,uncapped,split_temporal,2,273,223.99,242.77,18.79,221.0,510.28,289.28,190.76,205.78,1.084,False,0,0,139517,139517,1.0,0.5065,0.4935,1.1151,,,70.2,70.2,False
320,AV+Anemia_W30_H3_uncapped_split_temporal,AV+Anemia,2,33,132,30,uncapped,split_temporal,3,409,228.27,182.45,45.81,176.14,395.31,219.17,178.16,156.67,0.799,True,4830,27860,106827,139517,0.2226,0.5893,0.4107,0.4671,69.8,73.3,69.4,70.2,False
321,AV+Metabolismo_W30_H1_uncapped_split_patient,AV+Metabolismo,2,32,128,30,uncapped,split_patient,1,131,198.62,10458712064.0,10458711865.38,242.53,2638277120.0,2638276877.47,203.94,249.62,52658026.623,False,0,57464,64416,121880,1.0,0.6998,0.3002,1.0441,,72.6,68.0,70.2,False
322,AV+Metabolismo_W30_H2_uncapped_split_patient,AV+Metabolismo,2,32,128,30,uncapped,split_patient,2,265,203.56,215.05,11.49,244.74,254.19,9.45,209.52,253.75,1.056,False,0,51348,70532,121880,1.0,0.6746,0.3254,1.0516,,72.9,68.3,70.2,False
323,AV+Metabolismo_W30_H3_uncapped_split_patient,AV+Metabolismo,2,32,128,30,uncapped,split_patient,3,397,182.02,202.0,19.97,220.93,247.07,26.13,195.53,241.06,1.11,True,13871,19483,88526,121880,0.4031,0.6655,0.3345,0.5238,74.4,73.2,68.9,70.2,False
324,AV+Metabolismo_W30_H5_uncapped_split_patient,AV+Metabolismo,2,32,128,30,uncapped,split_patient,5,661,178.47,206.25,27.77,207.39,236.2,28.82,197.0,224.19,1.156,True,14654,34966,72260,121880,0.4241,0.6849,0.3151,0.5283,74.0,72.1,68.5,70.2,False
325,AV+Metabolismo_W30_H8_uncapped_split_patient,AV+Metabolismo,2,32,128,30,uncapped,split_patient,8,1057,165.1,203.31,38.22,192.56,231.05,38.49,194.3,227.13,1.231,True,17012,29908,74960,121880,0.4326,0.6834,0.3166,0.5361,74.6,72.4,68.3,70.2,False
326,AV+Metabolismo_W30_H16_uncapped_split_patient,AV+Metabolismo,2,32,128,30,uncapped,split_patient,16,2113,171.6,204.39,32.79,169.34,204.06,34.73,197.27,199.16,1.191,True,19437,40592,61851,121880,0.424,0.7075,0.2925,0.5151,73.9,71.1,68.4,70.2,False
327,AV+Metabolismo_W30_H32_uncapped_split_patient,AV+Metabolismo,2,32,128,30,uncapped,split_patient,32,4225,148.85,208.77,59.91,150.48,213.41,62.93,198.36,203.0,1.402,True,19909,38687,63284,121880,0.4602,0.6995,0.3005,0.5496,73.0,71.4,68.6,70.2,False
328,AV+Metabolismo_W30_H1_uncapped_split_temporal,AV+Metabolismo,2,32,128,30,uncapped,split_temporal,1,131,232.07,266.64,34.57,193.76,450.06,256.3,182.39,175.32,1.149,False,0,27080,112437,139517,1.0,0.5714,0.4286,1.088,,73.2,69.5,70.2,False
329,AV+Metabolismo_W30_H2_uncapped_split_temporal,AV+Metabolismo,2,32,128,30,uncapped,split_temporal,2,265,223.92,241.46,17.55,224.25,513.32,289.06,190.39,209.9,1.078,False,0,0,139517,139517,1.0,0.5065,0.4935,1.1151,,,70.2,70.2,False
330,AV+Metabolismo_W30_H3_uncapped_split_temporal,AV+Metabolismo,2,32,128,30,uncapped,split_temporal,3,397,223.46,189.9,33.56,185.55,413.51,227.96,175.81,165.0,0.85,True,5855,24270,109392,139517,0.2022,0.5853,0.4147,0.4614,70.1,73.9,69.4,70.2,False
331,AV+Nutrizione_W30_H1_uncapped_split_patient,AV+Nutrizione,2,31,124,30,uncapped,split_patient,1,127,188.0,200.38,12.38,222.72,238.05,15.33,195.48,231.97,1.066,True,9737,26652,85491,121880,0.3038,0.6793,0.3207,0.4417,76.1,73.3,68.6,70.2,False
332,AV+Nutrizione_W30_H2_uncapped_split_patient,AV+Nutrizione,2,31,124,30,uncapped,split_patient,2,257,199.09,210.4,11.31,229.16,236.67,7.51,202.6,230.94,1.057,False,0,41444,80436,121880,1.0,0.6776,0.3224,1.0507,,72.7,68.9,70.2,False
333,AV+Nutrizione_W30_H3_uncapped_split_patient,AV+Nutrizione,2,31,124,30,uncapped,split_patient,3,385,172.76,190.37,17.61,197.94,213.86,15.92,180.51,203.42,1.102,True,18485,13050,90345,121880,0.3024,0.6826,0.3174,0.4384,73.5,72.3,69.2,70.2,False
334,AV+Nutrizione_W30_H5_uncapped_split_patient,AV+Nutrizione,2,31,124,30,uncapped,split_patient,5,641,164.03,191.75,27.71,185.82,213.51,27.69,178.79,196.24,1.169,True,16189,28404,77287,121880,0.3228,0.7028,0.2972,0.4388,75.3,71.6,68.6,70.2,False
335,AV+Nutrizione_W30_H8_uncapped_split_patient,AV+Nutrizione,2,31,124,30,uncapped,split_patient,8,1025,157.48,188.99,31.5,176.28,205.8,29.51,181.85,198.94,1.2,True,18375,25829,77676,121880,0.2927,0.7055,0.2945,0.4152,73.7,72.3,68.7,70.2,False
336,AV+Nutrizione_W30_H16_uncapped_split_patient,AV+Nutrizione,2,31,124,30,uncapped,split_patient,16,2049,148.97,193.45,44.48,160.49,200.25,39.75,182.87,192.68,1.299,True,20998,26453,74429,121880,0.3089,0.7083,0.2917,0.4249,74.1,72.1,68.4,70.2,False
337,AV+Nutrizione_W30_H1_uncapped_split_temporal,AV+Nutrizione,2,31,124,30,uncapped,split_temporal,1,127,215.97,232.34,16.36,214.59,467.17,252.58,183.47,195.49,1.076,True,4897,21987,112633,139517,0.0956,0.59,0.41,0.421,71.1,73.5,69.5,70.2,False
338,AV+Nutrizione_W30_H2_uncapped_split_temporal,AV+Nutrizione,2,31,124,30,uncapped,split_temporal,2,257,222.85,236.36,13.51,216.02,496.05,280.03,187.0,201.24,1.061,False,0,0,139517,139517,1.0,0.5065,0.4935,1.1151,,,70.2,70.2,False
339,AV+Nutrizione_W30_H3_uncapped_split_temporal,AV+Nutrizione,2,31,124,30,uncapped,split_temporal,3,385,220.21,177.83,42.39,188.68,383.38,194.7,174.11,165.97,0.808,True,12371,26609,100537,139517,0.2086,0.6186,0.3814,0.4347,70.5,71.8,69.7,70.2,False
340,AV+Nutrizione_W30_H5_uncapped_split_temporal,AV+Nutrizione,2,31,124,30,uncapped,split_temporal,5,641,209.02,179.14,29.88,189.13,372.46,183.32,168.79,167.88,0.857,True,6924,35196,97397,139517,0.1506,0.647,0.353,0.3838,70.5,72.0,69.5,70.2,False
341,AV+Nutrizione_W30_H8_uncapped_split_temporal,AV+Nutrizione,2,31,124,30,uncapped,split_temporal,8,1025,206.31,173.5,32.8,184.03,348.44,164.41,166.22,161.15,0.841,True,15097,26314,98106,139517,0.1551,0.6513,0.3487,0.3816,71.1,72.6,69.4,70.2,False
342,AV+Nutrizione_W30_H16_uncapped_split_temporal,AV+Nutrizione,2,31,124,30,uncapped,split_temporal,16,2049,174.55,180.34,5.79,165.91,338.91,172.99,158.47,152.68,1.033,True,16119,26581,96817,139517,0.1465,0.662,0.338,0.3684,72.1,73.0,69.1,70.2,False
343,AV+Nutrizione_W30_H32_uncapped_split_temporal,AV+Nutrizione,2,31,124,30,uncapped,split_temporal,32,4097,140.97,192.94,51.97,121.59,344.46,222.87,157.41,135.46,1.369,True,20287,22271,96959,139517,0.2033,0.6407,0.3593,0.4128,70.3,71.7,69.8,70.2,False
344,AV+Nutrizione_W30_H64_uncapped_split_temporal,AV+Nutrizione,2,31,124,30,uncapped,split_temporal,64,8193,132.56,176.83,44.27,113.0,298.54,185.54,148.9,122.25,1.334,True,24917,26348,88252,139517,0.194,0.6807,0.3193,0.3736,71.1,71.6,69.5,70.2,False
345,AV+Nutrizione_W30_H124_uncapped_split_temporal,AV+Nutrizione,2,31,124,30,uncapped,split_temporal,124,15873,135.47,160.76,25.3,101.49,270.85,169.36,145.03,109.55,1.187,True,26821,35245,77451,139517,0.1836,0.7075,0.2925,0.3453,70.8,71.5,69.4,70.2,False
346,Anemia+Metabolismo_W30_H1_uncapped_split_patient,Anemia+Metabolismo,2,15,60,30,uncapped,split_patient,1,63,216.17,inf,inf,286.88,inf,inf,219.01,286.35,inf,False,0,34846,87034,121880,1.0,0.6178,0.3822,1.0705,,71.9,69.5,70.2,False
347,Anemia+Metabolismo_W30_H2_uncapped_split_patient,Anemia+Metabolismo,2,15,60,30,uncapped,split_patient,2,129,212.23,219.75,7.52,267.72,271.59,3.87,216.49,270.94,1.035,False,0,25907,95973,121880,1.0,0.6178,0.3822,1.0705,,71.3,69.9,70.2,False
348,Anemia+Metabolismo_W30_H3_uncapped_split_patient,Anemia+Metabolismo,2,15,60,30,uncapped,split_patient,3,193,205.88,216.06,10.18,261.89,275.87,13.98,215.65,272.21,1.049,True,6947,14434,100499,121880,0.4281,0.6131,0.3869,0.577,73.6,72.2,69.7,70.2,False
349,Anemia+Metabolismo_W30_H5_uncapped_split_patient,Anemia+Metabolismo,2,15,60,30,uncapped,split_patient,5,321,200.98,215.41,14.44,253.77,270.08,16.31,213.89,264.27,1.072,True,6962,23514,91404,121880,0.4286,0.6213,0.3787,0.5719,73.8,71.7,69.5,70.2,False
350,Anemia+Metabolismo_W30_H8_uncapped_split_patient,Anemia+Metabolismo,2,15,60,30,uncapped,split_patient,8,513,197.94,215.93,17.99,247.17,265.93,18.76,213.89,261.34,1.091,True,8667,26313,86900,121880,0.468,0.6241,0.3759,0.6003,74.1,71.1,69.5,70.2,False
351,Anemia+Metabolismo_W30_H16_uncapped_split_patient,Anemia+Metabolismo,2,15,60,30,uncapped,split_patient,16,1025,183.58,215.9,32.32,223.52,258.01,34.49,208.96,248.07,1.176,True,10169,28010,83701,121880,0.4449,0.635,0.365,0.5755,72.9,70.6,69.7,70.2,False
352,Anemia+Metabolismo_W30_H32_uncapped_split_patient,Anemia+Metabolismo,2,15,60,30,uncapped,split_patient,32,2049,179.34,217.77,38.43,213.59,253.58,39.99,209.28,240.81,1.214,True,12260,32289,77331,121880,0.4618,0.6392,0.3608,0.586,71.6,71.2,69.5,70.2,False
353,Anemia+Metabolismo_W30_H60_uncapped_split_patient,Anemia+Metabolismo,2,15,60,30,uncapped,split_patient,60,3841,180.16,219.8,39.64,203.83,243.45,39.62,212.28,233.27,1.22,True,11791,45080,65009,121880,0.5025,0.6535,0.3465,0.6104,72.8,71.2,69.1,70.2,False
354,Anemia+Metabolismo_W30_H1_uncapped_split_temporal,Anemia+Metabolismo,2,15,60,30,uncapped,split_temporal,1,63,248.19,202.68,45.52,206.62,470.98,264.36,198.0,193.89,0.817,False,0,8348,131169,139517,1.0,0.5217,0.4783,1.1085,,70.3,70.2,70.2,False
355,Anemia+Metabolismo_W30_H2_uncapped_split_temporal,Anemia+Metabolismo,2,15,60,30,uncapped,split_temporal,2,129,252.36,206.12,46.24,211.99,486.79,274.8,203.51,202.84,0.817,False,0,784,138733,139517,1.0,0.5063,0.4937,1.1152,,69.9,70.2,70.2,False
356,Anemia+Metabolismo_W30_H3_uncapped_split_temporal,Anemia+Metabolismo,2,15,60,30,uncapped,split_temporal,3,193,242.47,211.54,30.92,216.45,490.04,273.6,196.9,203.32,0.872,False,0,13786,125731,139517,1.0,0.5334,0.4666,1.1035,,70.6,70.1,70.2,False
357,Anemia+Metabolismo_W30_H5_uncapped_split_temporal,Anemia+Metabolismo,2,15,60,30,uncapped,split_temporal,5,321,242.7,200.32,42.38,202.24,450.37,248.13,194.32,190.06,0.825,True,3153,15632,120732,139517,0.2036,0.5429,0.4571,0.5004,69.6,71.0,70.1,70.2,False
358,Anemia+Metabolismo_W30_H8_uncapped_split_temporal,Anemia+Metabolismo,2,15,60,30,uncapped,split_temporal,8,513,239.45,205.46,33.99,204.91,464.93,260.02,194.79,194.88,0.858,True,1650,15487,122380,139517,0.1836,0.5424,0.4576,0.4931,68.3,72.3,69.9,70.2,False
359,Anemia+Metabolismo_W30_H16_uncapped_split_temporal,Anemia+Metabolismo,2,15,60,30,uncapped,split_temporal,16,1025,241.64,193.13,48.51,194.47,430.15,235.68,192.46,183.58,0.799,True,1794,24487,113236,139517,0.2246,0.5567,0.4433,0.497,66.8,71.0,70.1,70.2,False
360,Anemia+Metabolismo_W30_H32_uncapped_split_temporal,Anemia+Metabolismo,2,15,60,30,uncapped,split_temporal,32,2049,226.11,211.92,14.19,203.17,463.28,260.12,192.07,194.96,0.937,True,2871,20749,115897,139517,0.2125,0.5516,0.4484,0.4962,68.3,71.6,70.0,70.2,False
361,Anemia+Metabolismo_W30_H60_uncapped_split_temporal,Anemia+Metabolismo,2,15,60,30,uncapped,split_temporal,60,3841,221.03,203.04,17.99,189.62,441.76,252.14,190.09,185.45,0.919,True,2712,25812,110993,139517,0.194,0.5626,0.4374,0.4785,70.1,71.4,69.9,70.2,False
362,Anemia+Nutrizione_W30_H1_uncapped_split_patient,Anemia+Nutrizione,2,19,76,30,uncapped,split_patient,1,79,207.84,inf,inf,257.08,inf,inf,206.85,257.25,inf,False,0,50476,71404,121880,1.0,0.6649,0.3351,1.0547,,72.7,68.4,70.2,False
363,Anemia+Nutrizione_W30_H2_uncapped_split_patient,Anemia+Nutrizione,2,19,76,30,uncapped,split_patient,2,161,198.2,204.62,6.41,247.04,258.31,11.27,195.73,238.56,1.032,False,16996,310,104574,121880,0.3554,0.6403,0.3597,0.5057,73.1,71.5,69.7,70.2,False
364,Anemia+Nutrizione_W30_H3_uncapped_split_patient,Anemia+Nutrizione,2,19,76,30,uncapped,split_patient,3,241,185.27,193.67,8.4,220.29,230.92,10.63,188.8,222.0,1.045,True,12307,17286,92287,121880,0.1891,0.6735,0.3265,0.3773,74.0,72.1,69.3,70.2,False
365,Anemia+Nutrizione_W30_H5_uncapped_split_patient,Anemia+Nutrizione,2,19,76,30,uncapped,split_patient,5,401,178.59,195.98,17.38,208.72,231.47,22.75,188.66,217.41,1.097,True,14245,18430,89205,121880,0.2578,0.6691,0.3309,0.4195,73.0,72.1,69.4,70.2,False
366,Anemia+Nutrizione_W30_H8_uncapped_split_patient,Anemia+Nutrizione,2,19,76,30,uncapped,split_patient,8,641,168.97,195.63,26.66,190.36,223.21,32.86,186.13,210.71,1.158,True,15230,19886,86764,121880,0.2531,0.6785,0.3215,0.4092,73.9,70.4,69.5,70.2,False
367,Anemia+Nutrizione_W30_H16_uncapped_split_patient,Anemia+Nutrizione,2,19,76,30,uncapped,split_patient,16,1281,169.46,193.75,24.29,181.29,204.86,23.57,188.71,203.74,1.143,True,16697,29212,75971,121880,0.2521,0.6957,0.3043,0.3952,72.8,71.4,69.2,70.2,False
368,Anemia+Nutrizione_W30_H32_uncapped_split_patient,Anemia+Nutrizione,2,19,76,30,uncapped,split_patient,32,2561,168.16,194.81,26.64,169.29,194.7,25.4,187.84,192.81,1.158,True,17588,32912,71380,121880,0.2644,0.7018,0.2982,0.3985,72.4,71.8,68.9,70.2,False
369,Anemia+Nutrizione_W30_H64_uncapped_split_patient,Anemia+Nutrizione,2,19,76,30,uncapped,split_patient,64,5121,155.4,198.39,42.99,159.02,199.16,40.13,192.26,197.84,1.277,True,18767,31386,71727,121880,0.2912,0.6982,0.3018,0.4194,72.5,70.9,69.3,70.2,False
370,Anemia+Nutrizione_W30_H1_uncapped_split_temporal,Anemia+Nutrizione,2,19,76,30,uncapped,split_temporal,1,79,241.72,189.03,52.69,201.17,430.33,229.15,188.46,184.24,0.782,False,0,30141,109376,139517,1.0,0.5933,0.4067,1.0795,,70.6,70.1,70.2,False
371,Anemia+Nutrizione_W30_H2_uncapped_split_temporal,Anemia+Nutrizione,2,19,76,30,uncapped,split_temporal,2,161,231.62,233.76,2.14,233.63,508.46,274.83,195.42,217.62,1.009,False,0,0,139517,139517,1.0,0.5065,0.4935,1.1151,,,70.2,70.2,False
372,Anemia+Nutrizione_W30_H3_uncapped_split_temporal,Anemia+Nutrizione,2,19,76,30,uncapped,split_temporal,3,241,237.44,172.2,65.23,200.48,374.17,173.69,183.97,177.96,0.725,True,12645,24431,102441,139517,0.1873,0.6182,0.3818,0.4253,70.7,70.9,69.9,70.2,False
373,Metabolismo+Nutrizione_W30_H1_uncapped_split_patient,Metabolismo+Nutrizione,2,18,72,30,uncapped,split_patient,1,75,208.47,875.21,666.74,247.26,411.75,164.49,208.67,244.56,4.198,False,0,57547,64333,121880,1.0,0.6871,0.3129,1.0478,,72.4,68.2,70.2,False
374,Metabolismo+Nutrizione_W30_H2_uncapped_split_patient,Metabolismo+Nutrizione,2,18,72,30,uncapped,split_patient,2,153,199.95,208.86,8.92,245.55,252.82,7.27,200.53,238.08,1.045,False,24195,818,96867,121880,0.4706,0.6442,0.3558,0.59,71.6,72.8,69.8,70.2,False
375,Metabolismo+Nutrizione_W30_H3_uncapped_split_patient,Metabolismo+Nutrizione,2,18,72,30,uncapped,split_patient,3,229,185.32,192.92,7.6,224.47,231.9,7.43,188.91,220.25,1.041,True,12657,14892,94331,121880,0.2057,0.6701,0.3299,0.3888,73.6,72.6,69.4,70.2,False
376,Metabolismo+Nutrizione_W30_H5_uncapped_split_patient,Metabolismo+Nutrizione,2,18,72,30,uncapped,split_patient,5,381,181.55,196.71,15.16,213.99,228.56,14.57,188.29,216.13,1.083,True,12093,25518,84269,121880,0.2729,0.6809,0.3191,0.4199,73.9,71.2,69.4,70.2,False
377,Metabolismo+Nutrizione_W30_H8_uncapped_split_patient,Metabolismo+Nutrizione,2,18,72,30,uncapped,split_patient,8,609,174.69,193.36,18.66,202.66,222.63,19.97,183.72,207.83,1.107,True,14461,20402,87017,121880,0.2407,0.6842,0.3158,0.3971,72.8,71.8,69.4,70.2,False
378,Metabolismo+Nutrizione_W30_H16_uncapped_split_patient,Metabolismo+Nutrizione,2,18,72,30,uncapped,split_patient,16,1217,166.44,193.82,27.38,188.85,215.01,26.15,181.33,195.25,1.164,True,15259,27037,79584,121880,0.2572,0.6939,0.3061,0.3998,73.4,71.6,69.1,70.2,False
379,Metabolismo+Nutrizione_W30_H32_uncapped_split_patient,Metabolismo+Nutrizione,2,18,72,30,uncapped,split_patient,32,2433,158.91,198.29,39.38,173.95,217.01,43.06,188.18,200.89,1.248,True,16361,25207,80312,121880,0.2975,0.6858,0.3142,0.4327,73.6,70.9,69.3,70.2,False
380,Metabolismo+Nutrizione_W30_H64_uncapped_split_patient,Metabolismo+Nutrizione,2,18,72,30,uncapped,split_patient,64,4865,156.61,202.98,46.38,156.28,203.95,47.67,189.9,190.66,1.296,True,17742,36261,67877,121880,0.3232,0.6932,0.3068,0.4456,73.4,70.6,69.1,70.2,False
381,Metabolismo+Nutrizione_W30_H1_uncapped_split_temporal,Metabolismo+Nutrizione,2,18,72,30,uncapped,split_temporal,1,75,228.97,227.37,1.61,234.82,481.51,246.68,193.61,214.86,0.993,True,5132,17377,117008,139517,0.1331,0.5729,0.4271,0.4474,70.4,71.9,69.9,70.2,False
382,Metabolismo+Nutrizione_W30_H2_uncapped_split_temporal,Metabolismo+Nutrizione,2,18,72,30,uncapped,split_temporal,2,153,231.94,232.66,0.72,233.07,509.12,276.05,195.92,216.9,1.003,False,0,0,139517,139517,1.0,0.5065,0.4935,1.1151,,,70.2,70.2,False
383,Metabolismo+Nutrizione_W30_H3_uncapped_split_temporal,Metabolismo+Nutrizione,2,18,72,30,uncapped,split_temporal,3,229,233.3,184.05,49.25,208.59,404.51,195.92,182.46,185.81,0.789,True,10779,21127,107611,139517,0.1552,0.5957,0.4043,0.4331,72.0,70.2,70.0,70.2,False
384,AV+Anemia+Metabolismo_W30_H1_uncapped_split_patient,AV+Anemia+Metabolismo,3,39,156,30,uncapped,split_patient,1,159,196.53,inf,inf,239.81,inf,inf,201.67,245.73,inf,False,0,58544,63336,121880,1.0,0.6922,0.3078,1.0463,,72.3,68.2,70.2,False
385,AV+Anemia+Metabolismo_W30_H2_uncapped_split_patient,AV+Anemia+Metabolismo,3,39,156,30,uncapped,split_patient,2,321,195.06,209.76,14.7,224.4,237.55,13.15,204.5,240.59,1.075,False,0,37515,84365,121880,1.0,0.6665,0.3335,1.0541,,72.7,69.1,70.2,False
386,AV+Anemia+Metabolismo_W30_H3_uncapped_split_patient,AV+Anemia+Metabolismo,3,39,156,30,uncapped,split_patient,3,481,179.71,201.71,22.0,213.86,238.32,24.46,197.79,237.87,1.122,True,16522,14364,90994,121880,0.4027,0.6648,0.3352,0.524,73.9,72.5,69.2,70.2,False
387,AV+Anemia+Metabolismo_W30_H5_uncapped_split_patient,AV+Anemia+Metabolismo,3,39,156,30,uncapped,split_patient,5,801,169.63,205.92,36.3,195.85,232.17,36.31,194.24,221.13,1.214,True,15306,32543,74031,121880,0.4051,0.6766,0.3234,0.5184,73.8,72.0,68.7,70.2,False
388,AV+Anemia+Metabolismo_W30_H8_uncapped_split_patient,AV+Anemia+Metabolismo,3,39,156,30,uncapped,split_patient,8,1281,166.21,200.64,34.43,183.09,217.77,34.67,193.79,212.98,1.207,True,18106,31360,72414,121880,0.4115,0.6929,0.3071,0.5135,73.6,72.1,68.5,70.2,False
389,AV+Anemia+Metabolismo_W30_H16_uncapped_split_patient,AV+Anemia+Metabolismo,3,39,156,30,uncapped,split_patient,16,2561,142.03,209.91,67.88,160.55,227.39,66.84,196.13,217.38,1.478,True,18707,31831,71342,121880,0.4302,0.682,0.318,0.535,73.4,71.9,68.6,70.2,False
390,AV+Anemia+Metabolismo_W30_H1_uncapped_split_temporal,AV+Anemia+Metabolismo,3,39,156,30,uncapped,split_temporal,1,159,227.67,927.47,699.8,194.76,612.04,417.28,181.09,175.12,4.074,False,0,28253,111264,139517,1.0,0.5805,0.4195,1.0844,,73.4,69.4,70.2,False
391,AV+Anemia+Metabolismo_W30_H2_uncapped_split_temporal,AV+Anemia+Metabolismo,3,39,156,30,uncapped,split_temporal,2,321,235.69,199.07,36.62,186.94,413.94,227.0,184.26,168.76,0.845,False,0,47579,91938,139517,1.0,0.6185,0.3815,1.0703,,73.2,68.6,70.2,False
392,AV+Anemia+Metabolismo_W30_H3_uncapped_split_temporal,AV+Anemia+Metabolismo,3,39,156,30,uncapped,split_temporal,3,481,223.33,187.04,36.29,183.44,408.68,225.25,175.67,163.77,0.837,True,2688,29542,107287,139517,0.1633,0.5943,0.4057,0.4373,69.0,73.6,69.3,70.2,False
393,AV+Anemia+Metabolismo_W30_H5_uncapped_split_temporal,AV+Anemia+Metabolismo,3,39,156,30,uncapped,split_temporal,5,801,213.97,197.5,16.46,183.71,429.4,245.69,174.37,168.36,0.923,True,6050,17895,115572,139517,0.1851,0.57,0.43,0.4681,69.7,73.1,69.8,70.2,False
394,AV+Anemia+Metabolismo_W30_H8_uncapped_split_temporal,AV+Anemia+Metabolismo,3,39,156,30,uncapped,split_temporal,8,1281,201.58,200.78,0.8,177.64,421.69,244.05,168.92,162.9,0.996,True,6691,21292,111534,139517,0.1593,0.5821,0.4179,0.4472,70.2,72.6,69.7,70.2,False
395,AV+Anemia+Metabolismo_W30_H16_uncapped_split_temporal,AV+Anemia+Metabolismo,3,39,156,30,uncapped,split_temporal,16,2561,192.99,191.63,1.36,166.08,388.64,222.56,162.22,149.49,0.993,True,7747,29817,101953,139517,0.1432,0.6131,0.3869,0.4126,71.6,72.9,69.3,70.2,False
396,AV+Anemia+Metabolismo_W30_H32_uncapped_split_temporal,AV+Anemia+Metabolismo,3,39,156,30,uncapped,split_temporal,32,5121,139.07,213.89,74.81,115.99,413.93,297.94,159.0,140.77,1.538,True,10324,24737,104456,139517,0.2538,0.5878,0.4122,0.4841,71.0,71.9,69.7,70.2,False
397,AV+Anemia+Metabolismo_W30_H64_uncapped_split_temporal,AV+Anemia+Metabolismo,3,39,156,30,uncapped,split_temporal,64,10241,114.61,205.88,91.27,86.64,387.91,301.27,152.65,120.73,1.796,True,14145,27892,97480,139517,0.2682,0.6114,0.3886,0.4722,70.8,72.1,69.5,70.2,False
398,AV+Anemia+Nutrizione_W30_H1_uncapped_split_patient,AV+Anemia+Nutrizione,3,38,152,30,uncapped,split_patient,1,155,224.6,223.66,0.94,311.99,301.73,10.26,223.99,308.5,0.996,False,294,5,121581,121880,0.432,0.5805,0.4195,0.6022,53.0,70.0,70.2,70.2,False
399,AV+Anemia+Nutrizione_W30_H2_uncapped_split_patient,AV+Anemia+Nutrizione,3,38,152,30,uncapped,split_patient,2,313,224.6,223.79,0.82,311.75,303.04,8.72,224.0,308.29,0.996,False,0,0,121880,121880,1.0,0.5796,0.4204,1.0848,,,70.2,70.2,False
400,AV+Anemia+Nutrizione_W30_H3_uncapped_split_patient,AV+Anemia+Nutrizione,3,38,152,30,uncapped,split_patient,3,469,172.3,190.8,18.49,193.86,214.58,20.73,182.73,204.13,1.107,True,18037,16560,87283,121880,0.2861,0.6921,0.3079,0.4203,74.0,72.3,69.0,70.2,False
401,AV+Anemia+Nutrizione_W30_H5_uncapped_split_patient,AV+Anemia+Nutrizione,3,38,152,30,uncapped,split_patient,5,781,157.5,190.23,32.73,176.78,211.96,35.19,177.13,195.64,1.208,True,20108,17176,84596,121880,0.3056,0.6925,0.3075,0.4335,74.0,72.7,68.8,70.2,False
402,AV+Anemia+Nutrizione_W30_H8_uncapped_split_patient,AV+Anemia+Nutrizione,3,38,152,30,uncapped,split_patient,8,1249,151.57,189.13,37.56,168.64,204.12,35.48,183.11,198.55,1.248,True,18145,27907,75828,121880,0.2707,0.706,0.294,0.3996,73.5,72.4,68.6,70.2,False
403,AV+Anemia+Nutrizione_W30_H16_uncapped_split_patient,AV+Anemia+Nutrizione,3,38,152,30,uncapped,split_patient,16,2497,134.35,196.3,61.95,144.58,201.45,56.87,178.45,191.48,1.461,True,20574,29425,71881,121880,0.3382,0.7033,0.2967,0.4499,73.4,72.1,68.5,70.2,False
404,AV+Anemia+Nutrizione_W30_H1_uncapped_split_temporal,AV+Anemia+Nutrizione,3,38,152,30,uncapped,split_temporal,1,155,215.09,232.94,17.86,211.98,468.53,256.55,183.46,194.63,1.083,True,4501,21377,113639,139517,0.0815,0.5867,0.4133,0.4213,70.2,73.1,69.6,70.2,True
405,AV+Anemia+Nutrizione_W30_H2_uncapped_split_temporal,AV+Anemia+Nutrizione,3,38,152,30,uncapped,split_temporal,2,313,252.2,197.44,54.76,196.24,444.98,248.73,197.08,181.77,0.783,False,0,638,138879,139517,1.0,0.5061,0.4939,1.1153,,68.9,70.2,70.2,False
406,AV+Metabolismo+Nutrizione_W30_H1_uncapped_split_patient,AV+Metabolismo+Nutrizione,3,37,148,30,uncapped,split_patient,1,151,185.86,198.74,12.88,219.54,237.17,17.64,194.02,224.63,1.069,True,10329,26561,84990,121880,0.3079,0.6838,0.3162,0.4413,74.8,73.0,68.8,70.2,False
407,AV+Metabolismo+Nutrizione_W30_H2_uncapped_split_patient,AV+Metabolismo+Nutrizione,3,37,148,30,uncapped,split_patient,2,305,189.66,203.05,13.39,222.93,239.98,17.06,192.02,224.32,1.071,False,28321,244,93315,121880,0.4463,0.6648,0.3352,0.5582,72.3,72.2,69.5,70.2,False
408,AV+Metabolismo+Nutrizione_W30_H3_uncapped_split_patient,AV+Metabolismo+Nutrizione,3,37,148,30,uncapped,split_patient,3,457,172.17,190.33,18.16,203.61,224.2,20.59,182.47,208.16,1.105,True,16225,15391,90264,121880,0.3081,0.6832,0.3168,0.4419,74.6,72.0,69.1,70.2,False
409,AV+Metabolismo+Nutrizione_W30_H5_uncapped_split_patient,AV+Metabolismo+Nutrizione,3,37,148,30,uncapped,split_patient,5,761,162.31,190.34,28.03,180.6,208.17,27.57,183.66,194.81,1.173,True,18043,27187,76650,121880,0.32,0.7096,0.2904,0.4321,73.3,72.9,68.5,70.2,False
410,AV+Metabolismo+Nutrizione_W30_H8_uncapped_split_patient,AV+Metabolismo+Nutrizione,3,37,148,30,uncapped,split_patient,8,1217,150.05,195.13,45.08,171.85,208.42,36.57,182.87,192.8,1.3,True,19112,28619,74149,121880,0.3215,0.6973,0.3027,0.4416,73.6,71.8,68.7,70.2,False
411,AV+Metabolismo+Nutrizione_W30_H16_uncapped_split_patient,AV+Metabolismo+Nutrizione,3,37,148,30,uncapped,split_patient,16,2433,138.82,196.09,57.27,152.23,198.85,46.62,186.3,192.88,1.413,True,20961,31639,69280,121880,0.3296,0.7082,0.2918,0.4402,74.0,71.4,68.5,70.2,False
412,AV+Metabolismo+Nutrizione_W30_H1_uncapped_split_temporal,AV+Metabolismo+Nutrizione,3,37,148,30,uncapped,split_temporal,1,151,215.73,234.2,18.47,212.55,472.13,259.58,184.33,195.44,1.086,True,4762,21471,113284,139517,0.1044,0.5868,0.4132,0.4262,69.9,73.3,69.6,70.2,False
413,AV+Metabolismo+Nutrizione_W30_H2_uncapped_split_temporal,AV+Metabolismo+Nutrizione,3,37,148,30,uncapped,split_temporal,2,305,222.41,232.83,10.42,217.0,484.4,267.4,186.06,200.74,1.047,False,0,0,139517,139517,1.0,0.5065,0.4935,1.1151,,,70.2,70.2,False
414,AV+Metabolismo+Nutrizione_W30_H3_uncapped_split_temporal,AV+Metabolismo+Nutrizione,3,37,148,30,uncapped,split_temporal,3,457,221.63,175.25,46.38,188.07,382.2,194.13,172.77,166.44,0.791,False,0,41142,98375,139517,1.0,0.6354,0.3646,1.0644,,72.4,69.3,70.2,False
415,AV+Metabolismo+Nutrizione_W30_H5_uncapped_split_temporal,AV+Metabolismo+Nutrizione,3,37,148,30,uncapped,split_temporal,5,761,207.98,174.74,33.24,182.54,351.17,168.62,166.38,161.56,0.84,True,14040,28300,97177,139517,0.1598,0.6482,0.3518,0.3864,71.0,71.5,69.7,70.2,False
416,AV+Metabolismo+Nutrizione_W30_H8_uncapped_split_temporal,AV+Metabolismo+Nutrizione,3,37,148,30,uncapped,split_temporal,8,1217,200.22,168.44,31.78,173.48,324.14,150.65,161.55,152.56,0.841,True,20080,26291,93146,139517,0.1574,0.6682,0.3318,0.3672,71.4,72.0,69.4,70.2,False
417,AV+Metabolismo+Nutrizione_W30_H16_uncapped_split_temporal,AV+Metabolismo+Nutrizione,3,37,148,30,uncapped,split_temporal,16,2433,181.93,175.57,6.36,164.84,332.05,167.2,159.83,147.66,0.965,True,14889,33103,91525,139517,0.1697,0.6778,0.3222,0.3642,70.7,72.5,69.3,70.2,False
418,AV+Metabolismo+Nutrizione_W30_H32_uncapped_split_temporal,AV+Metabolismo+Nutrizione,3,37,148,30,uncapped,split_temporal,32,4865,170.28,170.25,0.03,145.94,301.05,155.11,158.43,138.34,1.0,True,21663,31225,86629,139517,0.1537,0.6894,0.3106,0.3465,71.5,71.6,69.4,70.2,False
419,AV+Metabolismo+Nutrizione_W30_H64_uncapped_split_temporal,AV+Metabolismo+Nutrizione,3,37,148,30,uncapped,split_temporal,64,9729,134.88,170.34,35.45,104.89,279.2,174.31,150.31,120.8,1.263,True,27108,29263,83146,139517,0.196,0.6898,0.3102,0.3669,71.0,71.8,69.4,70.2,False
420,AV+Metabolismo+Nutrizione_W30_H128_uncapped_split_temporal,AV+Metabolismo+Nutrizione,3,37,148,30,uncapped,split_temporal,128,19457,96.84,176.13,79.3,68.48,288.11,219.62,146.3,104.11,1.819,True,26213,33229,80075,139517,0.2217,0.6943,0.3057,0.3776,71.8,71.1,69.3,70.2,False
421,Anemia+Metabolismo+Nutrizione_W30_H1_uncapped_split_patient,Anemia+Metabolismo+Nutrizione,3,26,104,30,uncapped,split_patient,1,107,194.27,204.32,10.05,235.82,249.76,13.94,200.9,241.32,1.052,True,7044,28064,86772,121880,0.2516,0.663,0.337,0.4206,72.9,73.4,68.9,70.2,False
422,Anemia+Metabolismo+Nutrizione_W30_H2_uncapped_split_patient,Anemia+Metabolismo+Nutrizione,3,26,104,30,uncapped,split_patient,2,217,194.66,204.83,10.17,238.21,249.26,11.04,200.14,236.73,1.052,False,20555,191,101134,121880,0.4021,0.6461,0.3539,0.5357,72.6,72.4,69.7,70.2,False
423,Anemia+Metabolismo+Nutrizione_W30_H3_uncapped_split_patient,Anemia+Metabolismo+Nutrizione,3,26,104,30,uncapped,split_patient,3,325,185.76,199.41,13.65,230.07,243.27,13.2,193.68,230.51,1.073,True,13925,8633,99322,121880,0.3132,0.6505,0.3495,0.4693,73.3,72.5,69.6,70.2,False
424,Anemia+Metabolismo+Nutrizione_W30_H5_uncapped_split_patient,Anemia+Metabolismo+Nutrizione,3,26,104,30,uncapped,split_patient,5,541,175.06,193.77,18.71,201.62,220.63,19.01,190.84,219.72,1.107,True,15803,21061,85016,121880,0.2681,0.6812,0.3188,0.4165,72.9,71.7,69.3,70.2,False
425,Anemia+Metabolismo+Nutrizione_W30_H8_uncapped_split_patient,Anemia+Metabolismo+Nutrizione,3,26,104,30,uncapped,split_patient,8,865,164.84,192.76,27.92,185.95,213.57,27.61,185.3,209.88,1.169,True,15773,25650,80457,121880,0.2677,0.6952,0.3048,0.4057,73.0,71.8,69.1,70.2,False
426,Anemia+Metabolismo+Nutrizione_W30_H16_uncapped_split_patient,Anemia+Metabolismo+Nutrizione,3,26,104,30,uncapped,split_patient,16,1729,164.53,194.9,30.37,173.42,205.42,32.0,188.56,203.13,1.185,True,17300,30062,74518,121880,0.2843,0.6986,0.3014,0.4143,72.6,71.4,69.2,70.2,False
427,Anemia+Metabolismo+Nutrizione_W30_H32_uncapped_split_patient,Anemia+Metabolismo+Nutrizione,3,26,104,30,uncapped,split_patient,32,3457,158.91,197.49,38.58,157.4,193.58,36.18,189.03,193.95,1.243,True,19404,34348,68128,121880,0.3148,0.7026,0.2974,0.4331,72.6,71.3,69.0,70.2,False
428,Anemia+Metabolismo+Nutrizione_W30_H1_uncapped_split_temporal,Anemia+Metabolismo+Nutrizione,3,26,104,30,uncapped,split_temporal,1,107,226.49,225.12,1.37,231.77,469.15,237.38,190.19,210.06,0.994,True,5673,19232,114612,139517,0.1232,0.5841,0.4159,0.4338,70.4,72.3,69.8,70.2,False
429,Anemia+Metabolismo+Nutrizione_W30_H2_uncapped_split_temporal,Anemia+Metabolismo+Nutrizione,3,26,104,30,uncapped,split_temporal,2,217,229.71,234.7,4.99,231.27,506.08,274.82,191.62,212.95,1.022,False,0,0,139517,139517,1.0,0.5065,0.4935,1.1151,,,70.2,70.2,False
430,Anemia+Metabolismo+Nutrizione_W30_H3_uncapped_split_temporal,Anemia+Metabolismo+Nutrizione,3,26,104,30,uncapped,split_temporal,3,325,229.97,180.42,49.55,205.54,392.37,186.83,180.88,181.98,0.785,True,12683,25046,101788,139517,0.1523,0.6178,0.3822,0.4114,71.7,71.5,69.7,70.2,False
431,Anemia+Metabolismo+Nutrizione_W30_H5_uncapped_split_temporal,Anemia+Metabolismo+Nutrizione,3,26,104,30,uncapped,split_temporal,5,541,224.09,171.19,52.9,201.86,358.46,156.6,175.95,176.11,0.764,True,12214,28014,99289,139517,0.181,0.6383,0.3617,0.4045,72.0,71.1,69.7,70.2,False
432,Anemia+Metabolismo+Nutrizione_W30_H8_uncapped_split_temporal,Anemia+Metabolismo+Nutrizione,3,26,104,30,uncapped,split_temporal,8,865,222.8,170.36,52.44,192.23,350.23,158.01,176.16,170.54,0.765,True,13365,30993,95159,139517,0.1668,0.6427,0.3573,0.3943,70.5,71.3,69.8,70.2,False
433,Anemia+Metabolismo+Nutrizione_W30_H16_uncapped_split_temporal,Anemia+Metabolismo+Nutrizione,3,26,104,30,uncapped,split_temporal,16,1729,205.12,176.66,28.46,190.04,333.45,143.41,171.9,168.98,0.861,True,19721,26246,93550,139517,0.1627,0.6532,0.3468,0.3831,71.6,70.6,69.8,70.2,False
434,Anemia+Metabolismo+Nutrizione_W30_H32_uncapped_split_temporal,Anemia+Metabolismo+Nutrizione,3,26,104,30,uncapped,split_temporal,32,3457,199.92,167.55,32.37,172.79,311.82,139.04,172.43,157.31,0.838,True,21992,29392,88133,139517,0.1898,0.6664,0.3336,0.3838,71.5,70.9,69.6,70.2,False
435,Anemia+Metabolismo+Nutrizione_W30_H64_uncapped_split_temporal,Anemia+Metabolismo+Nutrizione,3,26,104,30,uncapped,split_temporal,64,6913,173.49,172.22,1.27,145.58,299.84,154.26,166.54,146.9,0.993,True,24710,29298,85509,139517,0.1781,0.6747,0.3253,0.3709,71.5,70.9,69.5,70.2,False
436,Anemia+Metabolismo+Nutrizione_W30_H104_uncapped_split_temporal,Anemia+Metabolismo+Nutrizione,3,26,104,30,uncapped,split_temporal,104,11233,186.35,157.5,28.85,136.24,275.46,139.22,166.54,133.86,0.845,True,23682,44604,71231,139517,0.1693,0.7025,0.2975,0.3423,71.8,71.5,68.8,70.2,False
437,AV+Anemia+Metabolismo+Nutrizione_W30_H1_uncapped_split_patient,AV+Anemia+Metabolismo+Nutrizione,4,44,176,30,uncapped,split_patient,1,179,183.73,198.72,14.99,213.74,232.61,18.87,195.46,225.7,1.082,True,11308,26941,83631,121880,0.3136,0.6853,0.3147,0.4443,74.6,72.9,68.7,70.2,False
438,AV+Anemia+Metabolismo+Nutrizione_W30_H2_uncapped_split_patient,AV+Anemia+Metabolismo+Nutrizione,4,44,176,30,uncapped,split_patient,2,361,186.96,199.69,12.72,216.78,227.17,10.4,195.62,225.65,1.068,False,26604,96,95180,121880,0.4099,0.6697,0.3303,0.5264,73.1,71.6,69.4,70.2,False
439,AV+Anemia+Metabolismo+Nutrizione_W30_H3_uncapped_split_patient,AV+Anemia+Metabolismo+Nutrizione,4,44,176,30,uncapped,split_patient,3,541,179.94,198.89,18.94,205.78,223.2,17.42,194.12,217.55,1.105,True,19342,30632,71906,121880,0.3743,0.7087,0.2913,0.4743,73.4,73.1,68.1,70.2,False
440,AV+Anemia+Metabolismo+Nutrizione_W30_H5_uncapped_split_patient,AV+Anemia+Metabolismo+Nutrizione,4,44,176,30,uncapped,split_patient,5,901,160.08,191.49,31.41,178.61,207.52,28.9,183.63,196.35,1.196,True,18784,27876,75220,121880,0.3014,0.7065,0.2935,0.4207,73.6,72.1,68.6,70.2,False
441,AV+Anemia+Metabolismo+Nutrizione_W30_H8_uncapped_split_patient,AV+Anemia+Metabolismo+Nutrizione,4,44,176,30,uncapped,split_patient,8,1441,153.78,190.0,36.21,166.72,199.92,33.2,184.29,191.17,1.235,True,20740,26759,74381,121880,0.323,0.7108,0.2892,0.4336,74.0,72.5,68.3,70.2,False
442,AV+Anemia+Metabolismo+Nutrizione_W30_H16_uncapped_split_patient,AV+Anemia+Metabolismo+Nutrizione,4,44,176,30,uncapped,split_patient,16,2881,139.56,193.23,53.67,147.01,193.22,46.2,185.73,193.14,1.385,True,23066,29178,69636,121880,0.3378,0.7145,0.2855,0.4423,73.2,71.8,68.5,70.2,False
443,AV+Anemia+Metabolismo+Nutrizione_W30_H1_uncapped_split_temporal,AV+Anemia+Metabolismo+Nutrizione,4,44,176,30,uncapped,split_temporal,1,179,215.04,234.72,19.68,208.73,468.86,260.13,183.6,193.54,1.092,True,5465,20491,113561,139517,0.1059,0.5851,0.4149,0.4282,69.6,73.0,69.7,70.2,False
444,AV+Anemia+Metabolismo+Nutrizione_W30_H2_uncapped_split_temporal,AV+Anemia+Metabolismo+Nutrizione,4,44,176,30,uncapped,split_temporal,2,361,247.14,203.86,43.28,206.63,469.31,262.68,198.6,189.89,0.825,False,0,359,139158,139517,1.0,0.5061,0.4939,1.1153,,68.0,70.2,70.2,False
445,AV_W60_H1_capped360_split_patient,AV,1,26,104,60,capped360,split_patient,1,107,95.81,97.6,1.8,224.05,218.09,5.96,93.56,207.48,1.019,False,0,101476,817,102293,1.0,0.5618,0.4382,1.0918,,69.8,64.7,69.7,False
446,AV_W60_H2_capped360_split_patient,AV,1,26,104,60,capped360,split_patient,2,217,99.45,100.72,1.27,246.42,238.94,7.48,97.57,230.36,1.013,False,0,102293,0,102293,1.0,0.0,1.0,1.4142,,69.7,,69.7,False
447,AV_W60_H3_capped360_split_patient,AV,1,26,104,60,capped360,split_patient,3,325,78.46,88.39,9.93,169.46,185.6,16.15,86.92,172.94,1.127,False,11502,90791,0,102293,0.3544,0.0,1.0,1.0609,73.7,69.2,,69.7,False
448,AV_W60_H5_capped360_split_patient,AV,1,26,104,60,capped360,split_patient,5,541,75.32,87.56,12.24,160.37,177.19,16.81,87.36,156.97,1.162,False,13195,89098,0,102293,0.3744,0.0,1.0,1.0678,72.9,69.2,,69.7,False
449,AV_W60_H8_capped360_split_patient,AV,1,26,104,60,capped360,split_patient,8,865,67.43,88.59,21.16,143.68,173.22,29.54,84.46,158.3,1.314,False,14665,87628,0,102293,0.4025,0.0,1.0,1.078,71.4,69.4,,69.7,False
450,AV_W60_H16_capped360_split_patient,AV,1,26,104,60,capped360,split_patient,16,1729,62.03,88.11,26.08,128.26,164.68,36.42,84.2,145.1,1.42,False,17104,84566,623,102293,0.4217,0.8411,0.1589,0.4506,71.8,69.3,63.2,69.7,False
451,AV_W60_H32_capped360_split_patient,AV,1,26,104,60,capped360,split_patient,32,3457,50.42,91.18,40.76,100.83,162.0,61.18,89.8,148.45,1.808,True,19633,75533,7127,102293,0.4585,0.7422,0.2578,0.526,72.9,69.1,67.4,69.7,False
452,AV_W60_H1_capped360_split_temporal,AV,1,26,104,60,capped360,split_temporal,1,107,63.5,123.4,59.9,128.46,344.06,215.6,76.18,123.26,1.943,False,0,130278,681,130959,1.0,0.558,0.442,1.0933,,70.3,62.5,70.2,False
453,AV_W60_H2_capped360_split_temporal,AV,1,26,104,60,capped360,split_temporal,2,217,63.48,123.57,60.1,128.45,345.08,216.63,76.26,123.65,1.947,False,0,130959,0,130959,1.0,0.0,1.0,1.4142,,70.2,,70.2,False
454,AV_W60_H3_capped360_split_temporal,AV,1,26,104,60,capped360,split_temporal,3,325,57.89,118.43,60.54,110.3,321.04,210.73,72.61,107.66,2.046,False,4737,126222,0,130959,0.2442,0.0,1.0,1.0294,71.3,70.2,,70.2,False
455,AV_W60_H5_capped360_split_temporal,AV,1,26,104,60,capped360,split_temporal,5,541,60.26,121.22,60.96,122.83,334.92,212.09,73.79,118.56,2.012,False,0,129635,1324,130959,1.0,0.6843,0.3157,1.0486,,70.3,63.0,70.2,False
456,AV_W60_H8_capped360_split_temporal,AV,1,26,104,60,capped360,split_temporal,8,865,47.51,114.62,67.11,87.74,304.42,216.68,69.4,93.09,2.413,False,7885,123074,0,130959,0.3102,0.0,1.0,1.047,70.7,70.2,,70.2,False
457,AV_W60_H16_capped360_split_temporal,AV,1,26,104,60,capped360,split_temporal,16,1729,38.73,115.28,76.56,66.13,299.93,233.8,64.61,85.23,2.977,False,9742,121217,0,130959,0.341,0.0,1.0,1.0565,70.7,70.2,,70.2,False
458,AV_W60_H32_capped360_split_temporal,AV,1,26,104,60,capped360,split_temporal,32,3457,32.39,113.38,80.99,55.2,291.65,236.45,62.34,76.83,3.501,True,10850,115377,4732,130959,0.3451,0.7449,0.2551,0.4292,71.5,70.2,67.4,70.2,False
459,AV_W60_H64_capped360_split_temporal,AV,1,26,104,60,capped360,split_temporal,64,6913,30.15,118.13,87.97,46.19,297.99,251.8,62.86,75.78,3.917,True,11153,103107,16699,130959,0.4209,0.6743,0.3257,0.5322,69.3,70.6,68.8,70.2,False
460,AV_W60_H104_capped360_split_temporal,AV,1,26,104,60,capped360,split_temporal,104,11233,25.95,115.94,89.99,39.91,283.28,243.37,62.41,67.56,4.468,True,13832,96448,20679,130959,0.3893,0.6678,0.3322,0.5118,70.7,70.7,67.9,70.2,False
461,Anemia_W60_H1_capped360_split_patient,Anemia,1,8,32,60,capped360,split_patient,1,35,98.54,100.03,1.49,243.92,237.27,6.65,96.92,228.32,1.015,False,0,102025,268,102293,1.0,0.2612,0.7388,1.2433,,69.8,53.0,69.7,False
462,Anemia_W60_H2_capped360_split_patient,Anemia,1,8,32,60,capped360,split_patient,2,73,94.0,99.82,5.82,215.25,219.36,4.11,94.07,207.7,1.062,False,9215,93078,0,102293,0.5466,0.0,1.0,1.1396,68.3,69.9,,69.7,False
463,Anemia_W60_H3_capped360_split_patient,Anemia,1,8,32,60,capped360,split_patient,3,109,91.49,98.36,6.87,214.53,218.59,4.07,92.86,206.09,1.075,False,4898,97395,0,102293,0.5067,0.0,1.0,1.121,71.7,69.6,,69.7,False
464,Anemia_W60_H5_capped360_split_patient,Anemia,1,8,32,60,capped360,split_patient,5,181,88.6,97.7,9.09,207.34,215.12,7.78,93.09,204.85,1.103,False,5716,96577,0,102293,0.478,0.0,1.0,1.1084,71.3,69.6,,69.7,False
465,Anemia_W60_H8_capped360_split_patient,Anemia,1,8,32,60,capped360,split_patient,8,289,86.24,98.12,11.88,199.5,210.88,11.39,91.05,195.44,1.138,False,7002,95291,0,102293,0.4813,0.0,1.0,1.1098,68.8,69.8,,69.7,False
466,Anemia_W60_H16_capped360_split_patient,Anemia,1,8,32,60,capped360,split_patient,16,577,84.26,98.67,14.41,191.66,209.63,17.97,91.55,193.95,1.171,False,7668,94581,44,102293,0.4892,0.7955,0.2045,0.5302,69.1,69.8,59.8,69.7,False
467,Anemia_W60_H32_capped360_split_patient,Anemia,1,8,32,60,capped360,split_patient,32,1153,83.13,97.78,14.66,189.85,208.63,18.78,90.83,190.07,1.176,False,7785,93991,517,102293,0.5145,0.6209,0.3791,0.6391,70.8,69.6,73.1,69.7,False
468,Anemia_W60_H1_capped360_split_temporal,Anemia,1,8,32,60,capped360,split_temporal,1,35,63.27,122.3,59.03,127.27,338.91,211.64,76.28,122.59,1.933,False,508,130451,0,130959,0.25,0.0,1.0,1.0308,62.5,70.3,,70.2,False
469,Anemia_W60_H2_capped360_split_temporal,Anemia,1,8,32,60,capped360,split_temporal,2,73,63.94,124.37,60.44,129.9,348.25,218.35,76.93,124.88,1.945,False,0,130959,0,130959,1.0,0.0,1.0,1.4142,,70.2,,70.2,False
470,Anemia_W60_H3_capped360_split_temporal,Anemia,1,8,32,60,capped360,split_temporal,3,109,62.43,122.49,60.06,125.12,338.13,213.01,75.91,122.03,1.962,False,2106,128853,0,130959,0.2806,0.0,1.0,1.0386,70.3,70.2,,70.2,False
471,Anemia_W60_H5_capped360_split_temporal,Anemia,1,8,32,60,capped360,split_temporal,5,181,62.08,122.23,60.14,124.95,337.16,212.2,75.16,120.24,1.969,False,2190,128488,281,130959,0.2995,0.2242,0.7758,0.8316,67.7,70.3,76.4,70.2,False
472,Anemia_W60_H8_capped360_split_temporal,Anemia,1,8,32,60,capped360,split_temporal,8,289,60.18,121.74,61.56,120.04,332.76,212.72,74.77,117.96,2.023,False,2757,128117,85,130959,0.3442,0.5647,0.4353,0.5549,70.4,70.2,68.9,70.2,False
473,Anemia_W60_H16_capped360_split_temporal,Anemia,1,8,32,60,capped360,split_temporal,16,577,59.75,121.07,61.32,121.08,332.19,211.1,75.42,118.58,2.026,False,2285,128290,384,130959,0.3164,0.2656,0.7344,0.7997,68.5,70.3,59.5,70.2,False
474,Anemia_W60_H32_capped360_split_temporal,Anemia,1,8,32,60,capped360,split_temporal,32,1153,59.06,119.96,60.9,117.96,327.76,209.8,74.92,116.9,2.031,False,2878,127845,236,130959,0.3374,0.7246,0.2754,0.4355,69.5,70.3,71.3,70.2,False
475,Metabolismo_W60_H1_capped360_split_patient,Metabolismo,1,7,28,60,capped360,split_patient,1,31,99.48,100.75,1.27,246.31,238.83,7.48,97.6,230.26,1.013,False,0,102293,0,102293,1.0,0.0,1.0,1.4142,,69.7,,69.7,False
476,Metabolismo_W60_H2_capped360_split_patient,Metabolismo,1,7,28,60,capped360,split_patient,2,65,95.36,94.72,0.64,225.69,214.64,11.04,91.78,208.23,0.993,False,6247,96046,0,102293,0.3235,0.0,1.0,1.051,69.0,69.8,,69.7,False
477,Metabolismo_W60_H3_capped360_split_patient,Metabolismo,1,7,28,60,capped360,split_patient,3,97,94.73,97.92,3.19,228.45,222.74,5.7,95.64,217.05,1.034,False,3282,99011,0,102293,0.4141,0.0,1.0,1.0823,69.2,69.7,,69.7,False
478,Metabolismo_W60_H5_capped360_split_patient,Metabolismo,1,7,28,60,capped360,split_patient,5,161,93.61,99.45,5.85,221.7,217.81,3.89,96.27,216.72,1.062,False,5388,96905,0,102293,0.5301,0.0,1.0,1.1318,72.3,69.6,,69.7,False
479,Metabolismo_W60_H1_capped360_split_temporal,Metabolismo,1,7,28,60,capped360,split_temporal,1,31,64.19,124.82,60.63,129.84,348.89,219.04,77.31,125.05,1.945,False,0,130823,136,130959,1.0,0.5221,0.4779,1.1083,,70.2,65.7,70.2,False
480,Metabolismo_W60_H2_capped360_split_temporal,Metabolismo,1,7,28,60,capped360,split_temporal,2,65,64.07,124.72,60.65,129.72,348.2,218.48,77.16,124.73,1.947,False,0,130959,0,130959,1.0,0.0,1.0,1.4142,,70.2,,70.2,False
481,Metabolismo_W60_H3_capped360_split_temporal,Metabolismo,1,7,28,60,capped360,split_temporal,3,97,63.55,123.35,59.8,127.21,341.16,213.94,76.92,122.95,1.941,False,1394,129565,0,130959,0.3192,0.0,1.0,1.0497,61.5,70.3,,70.2,False
482,Metabolismo_W60_H5_capped360_split_temporal,Metabolismo,1,7,28,60,capped360,split_temporal,5,161,63.03,123.8,60.78,126.79,342.53,215.74,76.87,123.43,1.964,False,1221,129738,0,130959,0.3964,0.0,1.0,1.0757,63.5,70.3,,70.2,False
483,Metabolismo_W60_H8_capped360_split_temporal,Metabolismo,1,7,28,60,capped360,split_temporal,8,257,60.6,123.23,62.64,119.24,334.98,215.74,76.23,119.04,2.034,False,3052,127907,0,130959,0.3817,0.0,1.0,1.0704,66.8,70.3,,70.2,False
484,Metabolismo_W60_H16_capped360_split_temporal,Metabolismo,1,7,28,60,capped360,split_temporal,16,513,60.32,123.37,63.05,120.6,336.99,216.39,76.56,120.5,2.045,False,2345,128541,73,130959,0.4009,0.863,0.137,0.4237,65.2,70.3,70.8,70.2,False
485,Metabolismo_W60_H28_capped360_split_temporal,Metabolismo,1,7,28,60,capped360,split_temporal,28,897,59.38,123.5,64.11,118.52,337.27,218.75,75.77,119.61,2.08,False,3120,127018,821,130959,0.476,0.6699,0.3301,0.5793,67.6,70.3,66.6,70.2,False
486,Nutrizione_W60_H1_capped360_split_patient,Nutrizione,1,11,44,60,capped360,split_patient,1,47,95.48,96.25,0.78,217.48,209.21,8.26,94.26,203.93,1.008,False,0,101402,891,102293,1.0,0.431,0.569,1.1505,,69.9,54.4,69.7,False
487,Nutrizione_W60_H2_capped360_split_patient,Nutrizione,1,11,44,60,capped360,split_patient,2,97,94.45,94.43,0.02,194.53,187.07,7.46,93.46,182.69,1.0,False,0,102293,0,102293,1.0,0.0,1.0,1.4142,,69.7,,69.7,False
488,Nutrizione_W60_H3_capped360_split_patient,Nutrizione,1,11,44,60,capped360,split_patient,3,145,78.11,79.65,1.54,174.83,166.51,8.31,80.18,164.63,1.02,False,13991,88302,0,102293,0.2314,0.0,1.0,1.0264,71.8,69.4,,69.7,False
489,Nutrizione_W60_H5_capped360_split_patient,Nutrizione,1,11,44,60,capped360,split_patient,5,241,72.88,76.83,3.95,162.12,155.93,6.19,78.09,152.91,1.054,False,14496,87349,448,102293,0.2188,0.7031,0.2969,0.3688,70.4,69.6,63.9,69.7,False
490,Nutrizione_W60_H8_capped360_split_patient,Nutrizione,1,11,44,60,capped360,split_patient,8,385,71.13,78.18,7.04,157.85,155.08,2.77,77.41,147.67,1.099,False,15049,86912,332,102293,0.2639,0.6114,0.3886,0.4697,72.0,69.3,65.6,69.7,False
491,Nutrizione_W60_H16_capped360_split_patient,Nutrizione,1,11,44,60,capped360,split_patient,16,769,69.6,77.55,7.95,151.4,149.51,1.88,76.93,142.91,1.114,True,15181,86022,1090,102293,0.2628,0.6486,0.3514,0.4388,71.3,69.5,61.1,69.7,False
492,Nutrizione_W60_H32_capped360_split_patient,Nutrizione,1,11,44,60,capped360,split_patient,32,1537,65.41,79.74,14.33,137.09,146.97,9.88,83.42,145.1,1.219,True,16926,82168,3199,102293,0.2959,0.7155,0.2845,0.4105,70.9,69.6,66.0,69.7,False
493,Nutrizione_W60_H44_capped360_split_patient,Nutrizione,1,11,44,60,capped360,split_patient,44,2113,64.89,80.08,15.19,134.36,144.33,9.96,85.11,142.3,1.234,True,16892,79279,6122,102293,0.2906,0.6571,0.3429,0.4495,71.2,69.8,65.1,69.7,False
494,Nutrizione_W60_H1_capped360_split_temporal,Nutrizione,1,11,44,60,capped360,split_temporal,1,47,63.83,123.78,59.96,129.65,346.57,216.91,76.61,124.56,1.939,False,0,130575,384,130959,1.0,0.0781,0.9219,1.3601,,70.2,69.3,70.2,False
495,Nutrizione_W60_H2_capped360_split_temporal,Nutrizione,1,11,44,60,capped360,split_temporal,2,97,63.66,123.46,59.8,129.59,345.5,215.91,76.59,124.47,1.939,False,0,130959,0,130959,1.0,0.0,1.0,1.4142,,70.2,,70.2,False
496,Nutrizione_W60_H3_capped360_split_temporal,Nutrizione,1,11,44,60,capped360,split_temporal,3,145,60.98,107.13,46.15,123.71,291.35,167.64,73.02,115.45,1.757,False,9851,121108,0,130959,0.1369,0.0,1.0,1.0093,71.2,70.2,,70.2,False
497,Nutrizione_W60_H5_capped360_split_temporal,Nutrizione,1,11,44,60,capped360,split_temporal,5,241,60.23,107.2,46.97,121.8,288.56,166.76,73.46,116.74,1.78,False,9647,121305,7,130959,0.166,1.0,0.0,0.166,69.7,70.3,57.0,70.2,False
498,Nutrizione_W60_H8_capped360_split_temporal,Nutrizione,1,11,44,60,capped360,split_temporal,8,385,56.99,101.73,44.74,115.08,267.1,152.01,71.26,112.09,1.785,False,12048,118790,121,130959,0.1483,0.6116,0.3884,0.4157,71.7,70.1,56.9,70.2,False
499,Nutrizione_W60_H16_capped360_split_temporal,Nutrizione,1,11,44,60,capped360,split_temporal,16,769,56.29,100.3,44.01,111.76,260.2,148.44,71.23,111.0,1.782,False,14075,115914,970,130959,0.1648,0.7856,0.2144,0.2704,71.1,70.2,65.9,70.2,False
500,Nutrizione_W60_H32_capped360_split_temporal,Nutrizione,1,11,44,60,capped360,split_temporal,32,1537,54.66,100.32,45.66,107.08,251.66,144.58,71.54,107.42,1.835,True,16091,113225,1643,130959,0.201,0.6811,0.3189,0.377,71.2,70.2,66.0,70.2,False
501,Nutrizione_W60_H44_capped360_split_temporal,Nutrizione,1,11,44,60,capped360,split_temporal,44,2113,50.39,102.92,52.53,100.76,264.8,164.05,68.62,103.91,2.042,True,14544,113000,3415,130959,0.2323,0.677,0.323,0.3979,70.4,70.3,66.8,70.2,False
502,AV+Anemia_W60_H1_capped360_split_patient,AV+Anemia,2,33,132,60,capped360,split_patient,1,135,95.38,97.4,2.02,221.89,216.9,4.99,93.67,206.38,1.021,False,0,101260,1033,102293,1.0,0.5102,0.4898,1.1135,,69.8,62.8,69.7,False
503,AV+Anemia_W60_H2_capped360_split_patient,AV+Anemia,2,33,132,60,capped360,split_patient,2,273,94.73,98.08,3.35,193.38,193.87,0.49,92.58,179.78,1.035,False,0,102293,0,102293,1.0,0.0,1.0,1.4142,,69.7,,69.7,False
504,AV+Anemia_W60_H3_capped360_split_patient,AV+Anemia,2,33,132,60,capped360,split_patient,3,409,77.6,89.41,11.81,169.37,190.49,21.12,82.11,164.86,1.152,False,10927,91366,0,102293,0.3756,0.0,1.0,1.0682,73.0,69.3,,69.7,False
505,AV+Anemia_W60_H5_capped360_split_patient,AV+Anemia,2,33,132,60,capped360,split_patient,5,681,73.3,91.04,17.74,160.33,182.29,21.96,86.52,155.82,1.242,False,13063,89230,0,102293,0.4165,0.0,1.0,1.0833,72.9,69.3,,69.7,False
506,AV+Anemia_W60_H8_capped360_split_patient,AV+Anemia,2,33,132,60,capped360,split_patient,8,1089,65.25,90.19,24.95,131.37,168.12,36.75,85.37,149.07,1.382,False,16099,86194,0,102293,0.4283,0.0,1.0,1.0879,71.8,69.3,,69.7,False
507,AV+Anemia_W60_H1_capped360_split_temporal,AV+Anemia,2,33,132,60,capped360,split_temporal,1,135,64.47,124.98,60.51,130.3,349.58,219.29,77.48,125.43,1.939,False,0,130959,0,130959,1.0,0.0,1.0,1.4142,,70.2,,70.2,False
508,AV+Anemia_W60_H2_capped360_split_temporal,AV+Anemia,2,33,132,60,capped360,split_temporal,2,273,63.35,123.42,60.08,128.59,344.7,216.11,76.02,123.44,1.948,False,0,130959,0,130959,1.0,0.0,1.0,1.4142,,70.2,,70.2,False
509,AV+Anemia_W60_H3_capped360_split_temporal,AV+Anemia,2,33,132,60,capped360,split_temporal,3,409,56.71,119.72,63.01,107.09,326.25,219.16,72.83,108.61,2.111,False,4394,126565,0,130959,0.2886,0.0,1.0,1.0408,72.7,70.2,,70.2,False
510,AV+Anemia_W60_H5_capped360_split_temporal,AV+Anemia,2,33,132,60,capped360,split_temporal,5,681,49.63,114.84,65.22,92.71,303.17,210.46,68.45,96.08,2.314,False,8080,122879,0,130959,0.266,0.0,1.0,1.0348,72.4,70.1,,70.2,False
511,AV+Anemia_W60_H8_capped360_split_temporal,AV+Anemia,2,33,132,60,capped360,split_temporal,8,1089,45.87,114.95,69.08,80.62,305.12,224.5,67.96,96.18,2.506,False,7961,122998,0,130959,0.2956,0.0,1.0,1.0428,72.3,70.1,,70.2,False
512,AV+Anemia_W60_H16_capped360_split_temporal,AV+Anemia,2,33,132,60,capped360,split_temporal,16,2177,36.14,116.34,80.2,62.93,296.3,233.37,65.52,82.02,3.219,False,11421,119489,49,130959,0.3888,0.3265,0.6735,0.7777,70.7,70.2,65.4,70.2,False
513,AV+Anemia_W60_H32_capped360_split_temporal,AV+Anemia,2,33,132,60,capped360,split_temporal,32,4353,34.18,117.4,83.23,53.07,299.8,246.73,67.67,81.53,3.435,True,10942,109377,10640,130959,0.3996,0.6995,0.3005,0.5,71.0,70.3,68.8,70.2,False
514,AV+Anemia_W60_H64_capped360_split_temporal,AV+Anemia,2,33,132,60,capped360,split_temporal,64,8705,25.29,117.22,91.93,39.18,290.58,251.41,62.35,71.25,4.635,True,12493,96505,21961,130959,0.4081,0.6444,0.3556,0.5413,70.0,70.5,69.0,70.2,False
515,AV+Anemia_W60_H128_capped360_split_temporal,AV+Anemia,2,33,132,60,capped360,split_temporal,128,17409,20.79,115.88,95.09,31.54,273.34,241.79,60.77,68.13,5.574,True,12966,96644,21349,130959,0.3686,0.6852,0.3148,0.4847,71.6,70.5,68.5,70.2,False
516,AV+Anemia_W60_H132_capped360_split_temporal,AV+Anemia,2,33,132,60,capped360,split_temporal,132,17953,21.48,118.15,96.67,29.91,274.24,244.32,61.19,66.98,5.5,True,14504,97230,19225,130959,0.4231,0.6713,0.3287,0.5358,70.6,70.5,68.6,70.2,False
517,AV+Metabolismo_W60_H1_capped360_split_patient,AV+Metabolismo,2,32,128,60,capped360,split_patient,1,131,95.48,97.37,1.9,220.64,215.11,5.52,93.42,204.83,1.02,False,0,100835,1458,102293,1.0,0.6166,0.3834,1.071,,69.8,61.4,69.7,False
518,AV+Metabolismo_W60_H2_capped360_split_patient,AV+Metabolismo,2,32,128,60,capped360,split_patient,2,265,86.47,92.15,5.67,185.78,187.24,1.46,85.1,168.95,1.066,False,18184,84109,0,102293,0.4555,0.0,1.0,1.0989,71.3,69.4,,69.7,False
519,AV+Metabolismo_W60_H3_capped360_split_patient,AV+Metabolismo,2,32,128,60,capped360,split_patient,3,397,77.17,87.67,10.5,166.69,178.45,11.76,87.25,168.4,1.136,False,13614,88679,0,102293,0.3809,0.0,1.0,1.0701,72.8,69.2,,69.7,False
520,AV+Metabolismo_W60_H5_capped360_split_patient,AV+Metabolismo,2,32,128,60,capped360,split_patient,5,661,69.67,88.52,18.85,144.13,172.81,28.68,85.27,157.22,1.271,False,14451,87842,0,102293,0.3996,0.0,1.0,1.0769,73.4,69.1,,69.7,False
521,AV+Metabolismo_W60_H8_capped360_split_patient,AV+Metabolismo,2,32,128,60,capped360,split_patient,8,1057,65.18,87.29,22.11,132.86,159.09,26.24,87.53,153.21,1.339,False,17640,84653,0,102293,0.4037,0.0,1.0,1.0784,71.9,69.3,,69.7,False
522,AV+Metabolismo_W60_H16_capped360_split_patient,AV+Metabolismo,2,32,128,60,capped360,split_patient,16,2113,57.96,89.65,31.68,119.39,161.09,41.69,87.23,143.97,1.547,False,19012,83048,233,102293,0.4417,0.691,0.309,0.5391,72.5,69.1,67.6,69.7,False
523,AV+Metabolismo_W60_H1_capped360_split_temporal,AV+Metabolismo,2,32,128,60,capped360,split_temporal,1,131,64.48,124.97,60.5,130.29,349.54,219.25,77.48,125.43,1.938,False,0,130959,0,130959,1.0,0.0,1.0,1.4142,,70.2,,70.2,False
524,AV+Metabolismo_W60_H2_capped360_split_temporal,AV+Metabolismo,2,32,128,60,capped360,split_temporal,2,265,60.94,117.68,56.74,117.32,318.12,200.8,72.71,111.68,1.931,False,0,130959,0,130959,1.0,0.0,1.0,1.4142,,70.2,,70.2,False
525,AV+Metabolismo_W60_H3_capped360_split_temporal,AV+Metabolismo,2,32,128,60,capped360,split_temporal,3,397,57.42,118.55,61.13,112.18,322.98,210.8,72.87,107.96,2.064,False,4315,126644,0,130959,0.2165,0.0,1.0,1.0232,71.5,70.2,,70.2,False
526,AV+Metabolismo_W60_H5_capped360_split_temporal,AV+Metabolismo,2,32,128,60,capped360,split_temporal,5,661,50.22,114.89,64.67,93.88,302.23,208.35,69.67,96.18,2.288,False,7661,123298,0,130959,0.2805,0.0,1.0,1.0386,71.8,70.1,,70.2,False
527,AV+Metabolismo_W60_H8_capped360_split_temporal,AV+Metabolismo,2,32,128,60,capped360,split_temporal,8,1057,44.47,114.11,69.64,82.59,296.75,214.16,66.13,88.41,2.566,False,10371,120588,0,130959,0.3252,0.0,1.0,1.0515,70.2,70.2,,70.2,False
528,AV+Metabolismo_W60_H16_capped360_split_temporal,AV+Metabolismo,2,32,128,60,capped360,split_temporal,16,2113,40.75,113.77,73.03,75.05,298.19,223.14,64.85,86.98,2.792,True,9534,118379,3046,130959,0.2875,0.5962,0.4038,0.4957,71.1,70.2,69.8,70.2,False
529,AV+Metabolismo_W60_H32_capped360_split_temporal,AV+Metabolismo,2,32,128,60,capped360,split_temporal,32,4225,34.07,116.12,82.05,55.0,295.72,240.72,65.02,80.67,3.409,True,10956,106557,13446,130959,0.3538,0.6248,0.3752,0.5157,70.7,70.4,68.5,70.2,False
530,AV+Metabolismo_W60_H64_capped360_split_temporal,AV+Metabolismo,2,32,128,60,capped360,split_temporal,64,8449,21.26,116.44,95.18,28.81,280.11,251.3,61.46,70.85,5.476,True,16607,96240,18112,130959,0.4245,0.7085,0.2915,0.5149,70.1,70.8,67.3,70.2,False
531,AV+Metabolismo_W60_H128_capped360_split_temporal,AV+Metabolismo,2,32,128,60,capped360,split_temporal,128,16897,19.45,112.87,93.41,26.07,262.25,236.18,60.38,63.01,5.802,True,14741,95846,20372,130959,0.3363,0.6721,0.3279,0.4697,70.6,70.4,69.1,70.2,False
532,AV+Nutrizione_W60_H1_capped360_split_patient,AV+Nutrizione,2,31,124,60,capped360,split_patient,1,127,92.51,93.59,1.08,197.59,189.66,7.93,92.14,184.81,1.012,False,0,101134,1159,102293,1.0,0.6281,0.3719,1.0669,,69.8,64.9,69.7,False
533,AV+Nutrizione_W60_H2_capped360_split_patient,AV+Nutrizione,2,31,124,60,capped360,split_patient,2,257,78.3,83.27,4.97,170.39,169.72,0.67,81.23,158.56,1.063,False,15282,87011,0,102293,0.2911,0.0,1.0,1.0415,72.1,69.3,,69.7,False
534,AV+Nutrizione_W60_H3_capped360_split_patient,AV+Nutrizione,2,31,124,60,capped360,split_patient,3,385,70.11,76.74,6.63,149.7,154.95,5.25,81.33,150.72,1.095,False,16774,85519,0,102293,0.2637,0.0,1.0,1.0342,71.8,69.3,,69.7,False
535,AV+Nutrizione_W60_H5_capped360_split_patient,AV+Nutrizione,2,31,124,60,capped360,split_patient,5,641,65.06,76.38,11.32,135.26,144.43,9.17,79.72,137.09,1.174,False,18103,84190,0,102293,0.2754,0.0,1.0,1.0372,71.4,69.4,,69.7,False
536,AV+Nutrizione_W60_H8_capped360_split_patient,AV+Nutrizione,2,31,124,60,capped360,split_patient,8,1025,66.2,77.39,11.19,139.08,145.48,6.4,81.44,143.58,1.169,True,17476,78575,6242,102293,0.2709,0.6918,0.3082,0.4103,71.8,69.4,67.5,69.7,False
537,AV+Nutrizione_W60_H16_capped360_split_patient,AV+Nutrizione,2,31,124,60,capped360,split_patient,16,2049,52.32,79.82,27.5,107.39,136.5,29.11,75.29,131.52,1.526,True,20859,80141,1293,102293,0.3302,0.6868,0.3132,0.4551,71.9,69.2,65.5,69.7,False
538,AV+Nutrizione_W60_H32_capped360_split_patient,AV+Nutrizione,2,31,124,60,capped360,split_patient,32,4097,42.74,79.7,36.97,83.7,132.78,49.08,82.79,132.09,1.865,True,21944,75243,5106,102293,0.3441,0.7781,0.2219,0.4094,72.7,69.0,67.8,69.7,False
539,AV+Nutrizione_W60_H1_capped360_split_temporal,AV+Nutrizione,2,31,124,60,capped360,split_temporal,1,127,57.69,114.95,57.26,111.27,308.69,197.42,73.15,108.67,1.993,False,6773,124186,0,130959,0.1854,0.0,1.0,1.017,70.4,70.2,,70.2,False
540,AV+Nutrizione_W60_H2_capped360_split_temporal,AV+Nutrizione,2,31,124,60,capped360,split_temporal,2,257,62.9,122.69,59.79,128.46,343.61,215.15,75.53,123.16,1.951,False,0,130959,0,130959,1.0,0.0,1.0,1.4142,,70.2,,70.2,False
541,AV+Nutrizione_W60_H3_capped360_split_temporal,AV+Nutrizione,2,31,124,60,capped360,split_temporal,3,385,54.66,100.68,46.03,103.74,265.0,161.25,69.8,101.37,1.842,False,14743,116216,0,130959,0.1635,0.0,1.0,1.0133,71.2,70.1,,70.2,False
542,AV+Nutrizione_W60_H5_capped360_split_temporal,AV+Nutrizione,2,31,124,60,capped360,split_temporal,5,641,51.48,103.08,51.61,97.61,274.85,177.24,68.89,101.86,2.003,False,12096,118863,0,130959,0.1852,0.0,1.0,1.017,71.5,70.1,,70.2,False
543,AV+Nutrizione_W60_H8_capped360_split_temporal,AV+Nutrizione,2,31,124,60,capped360,split_temporal,8,1025,51.55,103.66,52.11,98.23,274.24,176.01,69.13,99.59,2.011,False,12201,118059,699,130959,0.1846,0.8326,0.1674,0.2492,70.9,70.2,62.4,70.2,False
544,AV+Nutrizione_W60_H16_capped360_split_temporal,AV+Nutrizione,2,31,124,60,capped360,split_temporal,16,2049,38.07,99.6,61.53,65.51,251.85,186.33,62.98,80.05,2.616,False,17936,113014,9,130959,0.2163,0.0,1.0,1.0231,72.2,69.9,90.0,70.2,False
545,AV+Nutrizione_W60_H32_capped360_split_temporal,AV+Nutrizione,2,31,124,60,capped360,split_temporal,32,4097,29.38,101.11,71.73,44.49,252.57,208.08,60.27,73.87,3.441,True,18663,105526,6770,130959,0.2625,0.8062,0.1938,0.3263,71.6,70.4,64.6,70.2,False
546,AV+Nutrizione_W60_H64_capped360_split_temporal,AV+Nutrizione,2,31,124,60,capped360,split_temporal,64,8193,28.58,106.26,77.68,44.39,252.37,207.99,60.92,69.26,3.718,True,20128,98266,12565,130959,0.3378,0.755,0.245,0.4173,70.5,70.5,67.8,70.2,False
547,AV+Nutrizione_W60_H124_capped360_split_temporal,AV+Nutrizione,2,31,124,60,capped360,split_temporal,124,15873,20.81,101.22,80.41,28.49,228.26,199.77,58.86,61.12,4.864,True,22505,92359,16095,130959,0.2926,0.7589,0.2411,0.3791,71.1,70.3,68.6,70.2,False
548,Anemia+Metabolismo_W60_H1_capped360_split_patient,Anemia+Metabolismo,2,15,60,60,capped360,split_patient,1,63,98.07,99.72,1.65,241.93,235.5,6.43,96.93,226.76,1.017,False,0,101777,516,102293,1.0,0.5174,0.4826,1.1104,,69.8,56.8,69.7,False
549,Anemia+Metabolismo_W60_H2_capped360_split_patient,Anemia+Metabolismo,2,15,60,60,capped360,split_patient,2,129,99.42,100.7,1.28,246.53,239.05,7.48,97.54,230.46,1.013,False,0,102293,0,102293,1.0,0.0,1.0,1.4142,,69.7,,69.7,False
550,Anemia+Metabolismo_W60_H3_capped360_split_patient,Anemia+Metabolismo,2,15,60,60,capped360,split_patient,3,193,87.73,95.66,7.93,202.88,207.68,4.8,93.21,191.5,1.09,False,7110,95183,0,102293,0.4321,0.0,1.0,1.0894,69.5,69.7,,69.7,False
551,Anemia+Metabolismo_W60_H5_capped360_split_patient,Anemia+Metabolismo,2,15,60,60,capped360,split_patient,5,321,88.11,96.78,8.67,203.18,212.87,9.7,94.1,191.74,1.098,False,6748,95545,0,102293,0.4739,0.0,1.0,1.1066,72.0,69.6,,69.7,False
552,Anemia+Metabolismo_W60_H8_capped360_split_patient,Anemia+Metabolismo,2,15,60,60,capped360,split_patient,8,513,85.86,95.82,9.95,195.09,204.5,9.41,91.45,186.52,1.116,False,7381,94834,78,102293,0.4413,0.7436,0.2564,0.5104,69.7,69.7,73.3,69.7,False
553,Anemia+Metabolismo_W60_H16_capped360_split_patient,Anemia+Metabolismo,2,15,60,60,capped360,split_patient,16,1025,78.22,95.24,17.02,172.12,192.38,20.26,92.22,178.79,1.218,False,11073,90877,343,102293,0.4644,0.898,0.102,0.4755,70.5,69.6,71.2,69.7,False
554,Anemia+Metabolismo_W60_H32_capped360_split_patient,Anemia+Metabolismo,2,15,60,60,capped360,split_patient,32,2049,71.19,95.82,24.63,159.79,190.46,30.66,92.69,180.94,1.346,True,12412,87370,2511,102293,0.4741,0.6726,0.3274,0.5762,70.1,69.7,67.9,69.7,False
555,Anemia+Metabolismo_W60_H60_capped360_split_patient,Anemia+Metabolismo,2,15,60,60,capped360,split_patient,60,3841,70.43,99.18,28.74,145.28,180.61,35.33,98.33,168.06,1.408,True,13527,82308,6458,102293,0.5017,0.6864,0.3136,0.5916,71.8,69.5,68.7,69.7,False
556,Anemia+Metabolismo_W60_H1_capped360_split_temporal,Anemia+Metabolismo,2,15,60,60,capped360,split_temporal,1,63,63.91,124.62,60.71,129.48,347.59,218.11,77.03,124.49,1.95,False,0,130824,135,130959,1.0,0.4444,0.5556,1.144,,70.2,64.4,70.2,False
557,Anemia+Metabolismo_W60_H2_capped360_split_temporal,Anemia+Metabolismo,2,15,60,60,capped360,split_temporal,2,129,63.34,123.55,60.2,127.47,341.19,213.72,76.38,123.24,1.95,False,0,130959,0,130959,1.0,0.0,1.0,1.4142,,70.2,,70.2,False
558,Anemia+Metabolismo_W60_H3_capped360_split_temporal,Anemia+Metabolismo,2,15,60,60,capped360,split_temporal,3,193,63.44,124.08,60.64,129.12,346.56,217.45,76.47,124.16,1.956,False,0,130959,0,130959,1.0,0.0,1.0,1.4142,,70.2,,70.2,False
559,Anemia+Metabolismo_W60_H5_capped360_split_temporal,Anemia+Metabolismo,2,15,60,60,capped360,split_temporal,5,321,59.77,121.6,61.83,118.17,332.48,214.31,74.93,117.27,2.034,False,3334,127625,0,130959,0.3389,0.0,1.0,1.0559,67.4,70.3,,70.2,False
560,Anemia+Metabolismo_W60_H8_capped360_split_temporal,Anemia+Metabolismo,2,15,60,60,capped360,split_temporal,8,513,57.87,123.37,65.5,114.98,339.79,224.81,74.6,117.69,2.132,False,2054,128905,0,130959,0.4474,0.0,1.0,1.0955,70.2,70.2,,70.2,False
561,Anemia+Metabolismo_W60_H16_capped360_split_temporal,Anemia+Metabolismo,2,15,60,60,capped360,split_temporal,16,1025,57.43,120.4,62.97,116.04,330.19,214.15,74.47,118.37,2.096,False,3010,127210,739,130959,0.2801,0.6752,0.3248,0.4289,66.9,70.3,66.5,70.2,False
562,Anemia+Metabolismo_W60_H32_capped360_split_temporal,Anemia+Metabolismo,2,15,60,60,capped360,split_temporal,32,2049,52.26,121.92,69.66,103.46,318.15,214.69,75.12,110.31,2.333,False,7042,123273,644,130959,0.4857,0.6988,0.3012,0.5715,70.5,70.3,62.6,70.2,False
563,Anemia+Metabolismo_W60_H60_capped360_split_temporal,Anemia+Metabolismo,2,15,60,60,capped360,split_temporal,60,3841,49.64,122.48,72.84,95.15,316.28,221.13,73.71,106.24,2.467,True,7606,115785,7568,130959,0.4748,0.5577,0.4423,0.6489,69.1,70.3,70.3,70.2,False
564,Anemia+Nutrizione_W60_H1_capped360_split_patient,Anemia+Nutrizione,2,19,76,60,capped360,split_patient,1,79,94.35,95.73,1.38,211.22,204.88,6.34,94.78,200.52,1.015,False,0,101099,1194,102293,1.0,0.4631,0.5369,1.135,,69.9,57.0,69.7,False
565,Anemia+Nutrizione_W60_H2_capped360_split_patient,Anemia+Nutrizione,2,19,76,60,capped360,split_patient,2,161,79.95,81.22,1.27,181.34,172.13,9.21,82.61,172.06,1.016,False,14635,87658,0,102293,0.2543,0.0,1.0,1.0318,70.4,69.6,,69.7,False
566,Anemia+Nutrizione_W60_H3_capped360_split_patient,Anemia+Nutrizione,2,19,76,60,capped360,split_patient,3,241,73.11,81.19,8.09,162.56,163.89,1.33,80.64,154.97,1.111,False,15986,86307,0,102293,0.2985,0.0,1.0,1.0436,71.3,69.4,,69.7,False
567,Anemia+Nutrizione_W60_H5_capped360_split_patient,Anemia+Nutrizione,2,19,76,60,capped360,split_patient,5,401,69.13,78.98,9.84,150.55,153.73,3.18,78.07,148.16,1.142,False,16061,86232,0,102293,0.2623,0.0,1.0,1.0338,71.6,69.4,,69.7,False
568,Anemia+Nutrizione_W60_H8_capped360_split_patient,Anemia+Nutrizione,2,19,76,60,capped360,split_patient,8,641,65.65,79.34,13.7,142.01,154.98,12.97,80.17,149.32,1.209,False,15639,86654,0,102293,0.2803,0.0,1.0,1.0385,71.0,69.5,,69.7,False
569,Anemia+Nutrizione_W60_H16_capped360_split_patient,Anemia+Nutrizione,2,19,76,60,capped360,split_patient,16,1281,62.31,78.68,16.38,133.13,145.59,12.47,78.7,141.98,1.263,True,17443,82831,2019,102293,0.2877,0.7103,0.2897,0.4083,71.3,69.5,64.3,69.7,False
570,Anemia+Nutrizione_W60_H32_capped360_split_patient,Anemia+Nutrizione,2,19,76,60,capped360,split_patient,32,2561,54.62,82.44,27.82,112.95,139.59,26.64,83.26,137.34,1.509,True,21303,74880,6110,102293,0.3577,0.7529,0.2471,0.4348,71.2,69.6,66.0,69.7,False
571,Anemia+Nutrizione_W60_H64_capped360_split_patient,Anemia+Nutrizione,2,19,76,60,capped360,split_patient,64,5121,49.64,84.27,34.63,95.25,136.99,41.74,87.11,129.57,1.697,True,21230,71405,9658,102293,0.3561,0.6484,0.3516,0.5004,72.0,69.3,68.1,69.7,False
572,Anemia+Nutrizione_W60_H1_capped360_split_temporal,Anemia+Nutrizione,2,19,76,60,capped360,split_temporal,1,79,63.65,123.5,59.85,129.24,345.04,215.8,76.41,124.02,1.94,False,0,130660,299,130959,1.0,0.6555,0.3445,1.0577,,70.3,61.3,70.2,False
573,Anemia+Nutrizione_W60_H2_capped360_split_temporal,Anemia+Nutrizione,2,19,76,60,capped360,split_temporal,2,161,61.34,109.37,48.03,125.25,293.79,168.54,73.1,117.51,1.783,False,20822,110137,0,130959,0.2959,0.0,1.0,1.0429,69.5,70.4,,70.2,False
574,Anemia+Nutrizione_W60_H3_capped360_split_temporal,Anemia+Nutrizione,2,19,76,60,capped360,split_temporal,3,241,59.78,108.9,49.12,119.54,296.24,176.7,73.34,114.84,1.822,False,7829,123130,0,130959,0.1492,0.0,1.0,1.0111,70.7,70.2,,70.2,False
575,Anemia+Nutrizione_W60_H5_capped360_split_temporal,Anemia+Nutrizione,2,19,76,60,capped360,split_temporal,5,401,56.13,104.13,47.99,110.7,271.55,160.85,70.13,107.52,1.855,False,13240,117719,0,130959,0.2097,0.0,1.0,1.0218,70.7,70.2,,70.2,False
576,Anemia+Nutrizione_W60_H8_capped360_split_temporal,Anemia+Nutrizione,2,19,76,60,capped360,split_temporal,8,641,51.66,107.67,56.01,103.06,281.25,178.19,68.95,106.21,2.084,False,12508,118451,0,130959,0.2483,0.0,1.0,1.0304,69.2,70.4,,70.2,False
577,Anemia+Nutrizione_W60_H16_capped360_split_temporal,Anemia+Nutrizione,2,19,76,60,capped360,split_temporal,16,1281,50.86,104.05,53.2,99.17,265.7,166.53,68.85,100.61,2.046,True,15000,114307,1652,130959,0.2243,0.609,0.391,0.4508,71.8,70.1,67.1,70.2,False
578,Anemia+Nutrizione_W60_H32_capped360_split_temporal,Anemia+Nutrizione,2,19,76,60,capped360,split_temporal,32,2561,44.04,103.61,59.57,81.08,260.13,179.04,69.22,99.84,2.353,True,17605,110949,2405,130959,0.2558,0.6869,0.3131,0.4043,71.3,70.2,62.7,70.2,False
579,Anemia+Nutrizione_W60_H64_capped360_split_temporal,Anemia+Nutrizione,2,19,76,60,capped360,split_temporal,64,5121,38.02,105.88,67.85,69.48,256.76,187.28,67.51,92.1,2.784,True,18681,103881,8397,130959,0.2987,0.6562,0.3438,0.4554,71.1,70.4,67.0,70.2,False
580,Anemia+Nutrizione_W60_H76_capped360_split_temporal,Anemia+Nutrizione,2,19,76,60,capped360,split_temporal,76,6081,39.43,103.16,63.73,72.13,245.59,173.45,67.69,92.48,2.616,True,20408,101430,9121,130959,0.2991,0.6685,0.3315,0.4465,70.8,70.4,66.7,70.2,False
581,Metabolismo+Nutrizione_W60_H1_capped360_split_patient,Metabolismo+Nutrizione,2,18,72,60,capped360,split_patient,1,75,94.97,96.29,1.32,213.84,207.05,6.79,94.28,200.99,1.014,False,0,101150,1143,102293,1.0,0.4926,0.5074,1.1214,,69.9,56.0,69.7,False
582,Metabolismo+Nutrizione_W60_H2_capped360_split_patient,Metabolismo+Nutrizione,2,18,72,60,capped360,split_patient,2,153,80.28,83.61,3.33,181.0,176.95,4.05,84.0,169.62,1.041,False,14716,87577,0,102293,0.2895,0.0,1.0,1.0411,72.5,69.2,,69.7,False
583,Metabolismo+Nutrizione_W60_H3_capped360_split_patient,Metabolismo+Nutrizione,2,18,72,60,capped360,split_patient,3,229,76.82,82.79,5.97,173.53,171.22,2.31,82.88,161.71,1.078,False,14727,87566,0,102293,0.2947,0.0,1.0,1.0425,72.4,69.3,,69.7,False
584,Metabolismo+Nutrizione_W60_H5_capped360_split_patient,Metabolismo+Nutrizione,2,18,72,60,capped360,split_patient,5,381,67.72,78.14,10.42,145.41,149.15,3.74,81.12,146.89,1.154,False,16459,85834,0,102293,0.2659,0.0,1.0,1.0347,71.6,69.4,,69.7,False
585,Metabolismo+Nutrizione_W60_H8_capped360_split_patient,Metabolismo+Nutrizione,2,18,72,60,capped360,split_patient,8,609,66.94,79.19,12.25,143.36,147.19,3.83,80.13,141.9,1.183,False,17683,84274,336,102293,0.2939,0.8542,0.1458,0.3281,71.4,69.4,62.8,69.7,False
586,Metabolismo+Nutrizione_W60_H16_capped360_split_patient,Metabolismo+Nutrizione,2,18,72,60,capped360,split_patient,16,1217,62.4,80.48,18.07,129.56,145.29,15.72,81.84,139.95,1.29,True,19433,81525,1335,102293,0.3365,0.6787,0.3213,0.4653,71.9,69.2,68.4,69.7,False
587,Metabolismo+Nutrizione_W60_H32_capped360_split_patient,Metabolismo+Nutrizione,2,18,72,60,capped360,split_patient,32,2433,55.72,84.21,28.5,116.16,148.53,32.38,85.13,146.39,1.511,True,20223,76456,5614,102293,0.3722,0.6648,0.3352,0.5009,71.9,69.5,65.3,69.7,False
588,Metabolismo+Nutrizione_W60_H64_capped360_split_patient,Metabolismo+Nutrizione,2,18,72,60,capped360,split_patient,64,4865,43.72,87.51,43.79,89.76,146.18,56.42,87.89,138.77,2.002,True,22240,64922,15131,102293,0.3984,0.6674,0.3326,0.519,71.7,69.6,67.5,69.7,False
589,Metabolismo+Nutrizione_W60_H1_capped360_split_temporal,Metabolismo+Nutrizione,2,18,72,60,capped360,split_temporal,1,75,61.39,119.06,57.67,123.11,325.42,202.31,75.3,118.41,1.939,False,3480,127479,0,130959,0.1572,0.0,1.0,1.0123,72.9,70.2,,70.2,False
590,Metabolismo+Nutrizione_W60_H2_capped360_split_temporal,Metabolismo+Nutrizione,2,18,72,60,capped360,split_temporal,2,153,61.29,108.48,47.19,123.19,284.49,161.29,73.02,115.72,1.77,False,22236,108723,0,130959,0.3005,0.0,1.0,1.0442,68.6,70.6,,70.2,False
591,Metabolismo+Nutrizione_W60_H3_capped360_split_temporal,Metabolismo+Nutrizione,2,18,72,60,capped360,split_temporal,3,229,62.48,121.88,59.4,128.24,340.06,211.82,75.67,123.13,1.951,False,0,130959,0,130959,1.0,0.0,1.0,1.4142,,70.2,,70.2,False
592,Metabolismo+Nutrizione_W60_H5_capped360_split_temporal,Metabolismo+Nutrizione,2,18,72,60,capped360,split_temporal,5,381,54.72,105.18,50.47,106.18,272.99,166.81,70.75,105.78,1.922,False,13938,117021,0,130959,0.2368,0.0,1.0,1.0277,71.8,70.1,,70.2,False
593,Metabolismo+Nutrizione_W60_H8_capped360_split_temporal,Metabolismo+Nutrizione,2,18,72,60,capped360,split_temporal,8,609,52.93,100.63,47.7,102.47,251.83,149.36,69.49,103.03,1.901,False,16385,114574,0,130959,0.2132,0.0,1.0,1.0225,71.8,70.0,,70.2,False
594,Metabolismo+Nutrizione_W60_H16_capped360_split_temporal,Metabolismo+Nutrizione,2,18,72,60,capped360,split_temporal,16,1217,49.53,103.72,54.19,94.7,264.12,169.42,69.08,100.38,2.094,False,15615,114478,866,130959,0.2224,0.6166,0.3834,0.4432,71.4,70.1,64.1,70.2,False
595,Metabolismo+Nutrizione_W60_H32_capped360_split_temporal,Metabolismo+Nutrizione,2,18,72,60,capped360,split_temporal,32,2433,45.29,100.43,55.15,87.37,246.15,158.78,67.89,93.62,2.218,False,19117,111427,415,130959,0.2512,0.759,0.241,0.3481,71.2,70.1,64.8,70.2,False
596,Metabolismo+Nutrizione_W60_H64_capped360_split_temporal,Metabolismo+Nutrizione,2,18,72,60,capped360,split_temporal,64,4865,40.29,101.88,61.58,76.55,247.18,170.63,67.16,90.46,2.528,True,19944,99596,11419,130959,0.2602,0.71,0.29,0.3896,71.1,70.5,66.6,70.2,False
597,Metabolismo+Nutrizione_W60_H72_capped360_split_temporal,Metabolismo+Nutrizione,2,18,72,60,capped360,split_temporal,72,5473,44.46,104.17,59.71,82.96,254.39,171.43,70.73,96.42,2.343,True,17379,101023,12557,130959,0.2857,0.6681,0.3319,0.4379,71.7,70.2,68.4,70.2,False
598,AV+Anemia+Metabolismo_W60_H1_capped360_split_patient,AV+Anemia+Metabolismo,3,39,156,60,capped360,split_patient,1,159,80.21,86.77,6.56,171.94,179.48,7.54,83.7,165.02,1.082,False,9934,92359,0,102293,0.3283,0.0,1.0,1.0525,73.5,69.3,,69.7,False
599,AV+Anemia+Metabolismo_W60_H2_capped360_split_patient,AV+Anemia+Metabolismo,3,39,156,60,capped360,split_patient,2,321,82.02,91.65,9.63,176.26,190.13,13.88,84.64,175.13,1.117,False,13582,88711,0,102293,0.4103,0.0,1.0,1.0809,71.2,69.5,,69.7,False
600,AV+Anemia+Metabolismo_W60_H3_capped360_split_patient,AV+Anemia+Metabolismo,3,39,156,60,capped360,split_patient,3,481,75.74,87.48,11.74,161.6,181.65,20.05,82.7,165.6,1.155,False,13253,89040,0,102293,0.3746,0.0,1.0,1.0679,71.7,69.4,,69.7,False
601,AV+Anemia+Metabolismo_W60_H5_capped360_split_patient,AV+Anemia+Metabolismo,3,39,156,60,capped360,split_patient,5,801,69.12,89.5,20.38,140.89,172.85,31.96,86.13,154.79,1.295,False,15122,87171,0,102293,0.4046,0.0,1.0,1.0787,70.3,69.6,,69.7,False
602,AV+Anemia+Metabolismo_W60_H8_capped360_split_patient,AV+Anemia+Metabolismo,3,39,156,60,capped360,split_patient,8,1281,65.18,89.53,24.35,136.56,178.37,41.81,85.59,156.41,1.373,False,13380,88913,0,102293,0.4159,0.0,1.0,1.083,71.6,69.4,,69.7,False
603,AV+Anemia+Metabolismo_W60_H1_capped360_split_temporal,AV+Anemia+Metabolismo,3,39,156,60,capped360,split_temporal,1,159,63.31,123.42,60.1,128.43,344.14,215.71,76.09,123.27,1.949,False,0,130563,396,130959,1.0,0.5884,0.4116,1.0814,,70.3,65.4,70.2,False
604,AV+Anemia+Metabolismo_W60_H2_capped360_split_temporal,AV+Anemia+Metabolismo,3,39,156,60,capped360,split_temporal,2,321,63.28,123.51,60.23,128.11,344.34,216.23,75.98,122.82,1.952,False,0,130959,0,130959,1.0,0.0,1.0,1.4142,,70.2,,70.2,False
605,AV+Anemia+Metabolismo_W60_H3_capped360_split_temporal,AV+Anemia+Metabolismo,3,39,156,60,capped360,split_temporal,3,481,55.66,117.02,61.37,103.11,315.97,212.86,71.48,104.84,2.103,False,6042,124917,0,130959,0.2395,0.0,1.0,1.0283,68.7,70.3,,70.2,False
606,AV+Anemia+Metabolismo_W60_H5_capped360_split_temporal,AV+Anemia+Metabolismo,3,39,156,60,capped360,split_temporal,5,801,50.61,115.19,64.58,97.88,300.84,202.96,70.32,99.14,2.276,False,8567,122392,0,130959,0.2917,0.0,1.0,1.0417,71.3,70.2,,70.2,False
607,AV+Anemia+Metabolismo_W60_H8_capped360_split_temporal,AV+Anemia+Metabolismo,3,39,156,60,capped360,split_temporal,8,1281,41.78,113.23,71.45,73.0,284.37,211.37,67.67,85.87,2.71,False,13635,117324,0,130959,0.3374,0.0,1.0,1.0554,70.7,70.2,,70.2,False
608,AV+Anemia+Metabolismo_W60_H16_capped360_split_temporal,AV+Anemia+Metabolismo,3,39,156,60,capped360,split_temporal,16,2561,32.24,114.49,82.25,53.93,289.35,235.42,64.82,76.38,3.551,False,13344,117606,9,130959,0.3757,0.2222,0.7778,0.8638,69.6,70.3,80.2,70.2,False
609,AV+Anemia+Metabolismo_W60_H32_capped360_split_temporal,AV+Anemia+Metabolismo,3,39,156,60,capped360,split_temporal,32,5121,30.28,112.54,82.27,49.94,283.95,234.0,63.33,77.6,3.717,True,12333,106739,11887,130959,0.3268,0.6866,0.3134,0.4528,71.0,70.5,67.0,70.2,False
610,AV+Anemia+Metabolismo_W60_H64_capped360_split_temporal,AV+Anemia+Metabolismo,3,39,156,60,capped360,split_temporal,64,10241,23.58,114.45,90.87,34.06,280.63,246.57,62.0,69.19,4.853,True,13212,101135,16612,130959,0.3786,0.679,0.321,0.4964,70.7,70.5,68.2,70.2,False
611,AV+Anemia+Metabolismo_W60_H128_capped360_split_temporal,AV+Anemia+Metabolismo,3,39,156,60,capped360,split_temporal,128,20481,18.51,113.82,95.31,26.24,260.84,234.59,59.71,64.6,6.15,True,16158,94363,20438,130959,0.3676,0.6833,0.3167,0.4852,70.6,70.5,68.7,70.2,False
612,AV+Anemia+Metabolismo_W60_H156_capped360_split_temporal,AV+Anemia+Metabolismo,3,39,156,60,capped360,split_temporal,156,24961,16.89,116.44,99.55,22.61,269.62,247.01,61.86,63.46,6.894,True,13830,97218,19911,130959,0.38,0.6468,0.3532,0.5188,71.2,70.5,68.4,70.2,False
613,AV+Anemia+Nutrizione_W60_H1_capped360_split_patient,AV+Anemia+Nutrizione,3,38,152,60,capped360,split_patient,1,155,92.22,93.66,1.44,195.62,188.91,6.71,93.02,184.36,1.016,False,0,101078,1215,102293,1.0,0.5144,0.4856,1.1117,,69.8,61.6,69.7,False
614,AV+Anemia+Nutrizione_W60_H2_capped360_split_patient,AV+Anemia+Nutrizione,3,38,152,60,capped360,split_patient,2,313,76.05,80.56,4.51,166.06,165.19,0.87,78.72,155.49,1.059,False,15785,86508,0,102293,0.2704,0.0,1.0,1.0359,71.6,69.4,,69.7,False
615,AV+Anemia+Nutrizione_W60_H3_capped360_split_patient,AV+Anemia+Nutrizione,3,38,152,60,capped360,split_patient,3,469,87.54,91.48,3.94,158.48,159.16,0.68,93.54,154.04,1.045,False,18737,83556,0,102293,0.2832,0.0,1.0,1.0393,71.9,69.2,,69.7,False
616,AV+Anemia+Nutrizione_W60_H5_capped360_split_patient,AV+Anemia+Nutrizione,3,38,152,60,capped360,split_patient,5,781,61.17,77.6,16.43,127.32,147.1,19.79,80.26,137.57,1.269,False,17177,85116,0,102293,0.2801,0.0,1.0,1.0385,71.6,69.3,,69.7,False
617,AV+Anemia+Nutrizione_W60_H8_capped360_split_patient,AV+Anemia+Nutrizione,3,38,152,60,capped360,split_patient,8,1249,59.73,77.27,17.54,125.15,144.86,19.71,82.67,141.59,1.294,False,17647,84624,22,102293,0.2863,0.9545,0.0455,0.2899,71.5,69.3,58.2,69.7,False
618,AV+Anemia+Nutrizione_W60_H16_capped360_split_patient,AV+Anemia+Nutrizione,3,38,152,60,capped360,split_patient,16,2497,47.8,82.34,34.54,96.8,146.5,49.7,77.5,130.2,1.722,True,18835,81895,1563,102293,0.3553,0.8401,0.1599,0.3896,71.8,69.3,66.1,69.7,True
619,AV+Anemia+Nutrizione_W60_H32_capped360_split_patient,AV+Anemia+Nutrizione,3,38,152,60,capped360,split_patient,32,4993,35.57,88.49,52.92,65.78,143.42,77.64,86.55,134.17,2.488,True,22709,71198,8386,102293,0.43,0.7502,0.2498,0.4973,72.6,69.0,68.2,69.7,False
620,AV+Anemia+Nutrizione_W60_H1_capped360_split_temporal,AV+Anemia+Nutrizione,3,38,152,60,capped360,split_temporal,1,155,57.11,114.27,57.16,110.88,310.93,200.05,72.17,109.05,2.001,False,5930,125029,0,130959,0.1619,0.0,1.0,1.013,70.9,70.2,,70.2,False
621,AV+Anemia+Nutrizione_W60_H2_capped360_split_temporal,AV+Anemia+Nutrizione,3,38,152,60,capped360,split_temporal,2,313,65.97,118.7,52.73,122.25,318.05,195.8,75.06,115.98,1.799,False,0,130959,0,130959,1.0,0.0,1.0,1.4142,,70.2,,70.2,False
622,AV+Anemia+Nutrizione_W60_H3_capped360_split_temporal,AV+Anemia+Nutrizione,3,38,152,60,capped360,split_temporal,3,469,55.39,104.93,49.54,107.25,281.87,174.62,70.52,107.48,1.894,False,10773,120186,0,130959,0.1449,0.0,1.0,1.0104,71.6,70.1,,70.2,False
623,AV+Anemia+Nutrizione_W60_H5_capped360_split_temporal,AV+Anemia+Nutrizione,3,38,152,60,capped360,split_temporal,5,781,49.81,103.23,53.42,94.29,268.46,174.17,68.63,102.42,2.073,False,13802,117157,0,130959,0.2034,0.0,1.0,1.0205,70.8,70.2,,70.2,False
624,AV+Anemia+Nutrizione_W60_H8_capped360_split_temporal,AV+Anemia+Nutrizione,3,38,152,60,capped360,split_temporal,8,1249,40.61,104.37,63.76,70.31,268.51,198.21,63.29,87.28,2.57,False,15397,115562,0,130959,0.249,0.0,1.0,1.0305,71.1,70.1,,70.2,False
625,AV+Anemia+Nutrizione_W60_H16_capped360_split_temporal,AV+Anemia+Nutrizione,3,38,152,60,capped360,split_temporal,16,2497,35.28,103.22,67.94,61.72,257.97,196.25,61.08,79.49,2.926,False,17366,113291,302,130959,0.2603,0.8079,0.1921,0.3235,71.2,70.1,69.6,70.2,False
626,AV+Anemia+Nutrizione_W60_H32_capped360_split_temporal,AV+Anemia+Nutrizione,3,38,152,60,capped360,split_temporal,32,4993,30.15,100.19,70.04,50.28,241.44,191.17,60.35,73.54,3.323,True,21187,100701,9071,130959,0.2688,0.7156,0.2844,0.3913,70.5,70.3,69.4,70.2,False
627,AV+Anemia+Nutrizione_W60_H64_capped360_split_temporal,AV+Anemia+Nutrizione,3,38,152,60,capped360,split_temporal,64,9985,24.3,102.26,77.96,35.2,240.03,204.83,60.61,68.83,4.209,True,21073,93141,16745,130959,0.2886,0.7579,0.2421,0.3767,71.1,70.5,67.9,70.2,False
628,AV+Anemia+Nutrizione_W60_H128_capped360_split_temporal,AV+Anemia+Nutrizione,3,38,152,60,capped360,split_temporal,128,19969,18.33,109.2,90.88,25.85,248.76,222.91,58.89,62.95,5.959,True,17769,94056,19134,130959,0.3518,0.7095,0.2905,0.4562,69.9,70.5,69.0,70.2,False
629,AV+Anemia+Nutrizione_W60_H152_capped360_split_temporal,AV+Anemia+Nutrizione,3,38,152,60,capped360,split_temporal,152,23713,16.14,108.48,92.33,22.91,239.93,217.02,60.05,62.83,6.719,True,17707,92965,20287,130959,0.3609,0.7077,0.2923,0.4644,70.2,70.6,68.7,70.2,False
630,AV+Metabolismo+Nutrizione_W60_H1_capped360_split_patient,AV+Metabolismo+Nutrizione,3,37,148,60,capped360,split_patient,1,151,92.31,93.74,1.43,196.73,189.22,7.51,92.49,184.71,1.015,False,0,101229,1064,102293,1.0,0.6081,0.3919,1.0741,,69.8,62.3,69.7,False
631,AV+Metabolismo+Nutrizione_W60_H2_capped360_split_patient,AV+Metabolismo+Nutrizione,3,37,148,60,capped360,split_patient,2,305,77.62,83.3,5.68,165.4,167.7,2.3,79.37,160.88,1.073,False,15966,86327,0,102293,0.308,0.0,1.0,1.0464,72.1,69.3,,69.7,False
632,AV+Metabolismo+Nutrizione_W60_H3_capped360_split_patient,AV+Metabolismo+Nutrizione,3,37,148,60,capped360,split_patient,3,457,70.81,79.55,8.75,152.42,160.02,7.6,79.49,151.48,1.124,False,16240,86053,0,102293,0.2807,0.0,1.0,1.0386,71.2,69.4,,69.7,False
633,AV+Metabolismo+Nutrizione_W60_H5_capped360_split_patient,AV+Metabolismo+Nutrizione,3,37,148,60,capped360,split_patient,5,761,62.57,78.57,16.0,132.05,149.29,17.24,76.3,141.35,1.256,False,17371,84922,0,102293,0.2917,0.0,1.0,1.0417,72.1,69.2,,69.7,False
634,AV+Metabolismo+Nutrizione_W60_H8_capped360_split_patient,AV+Metabolismo+Nutrizione,3,37,148,60,capped360,split_patient,8,1217,59.26,77.02,17.76,122.42,145.47,23.05,79.27,134.58,1.3,False,18812,83481,0,102293,0.2931,0.0,1.0,1.0421,72.0,69.2,,69.7,False
635,AV+Metabolismo+Nutrizione_W60_H16_capped360_split_patient,AV+Metabolismo+Nutrizione,3,37,148,60,capped360,split_patient,16,2433,53.56,80.34,26.79,108.31,143.2,34.89,82.82,132.66,1.5,True,19331,76761,6201,102293,0.3257,0.6915,0.3085,0.4486,71.0,69.6,67.3,69.7,False
636,AV+Metabolismo+Nutrizione_W60_H1_capped360_split_temporal,AV+Metabolismo+Nutrizione,3,37,148,60,capped360,split_temporal,1,151,63.66,121.79,58.14,127.46,338.1,210.63,75.79,121.94,1.913,False,0,129793,1166,130959,1.0,0.2033,0.7967,1.2786,,70.2,70.0,70.2,False
637,AV+Metabolismo+Nutrizione_W60_H2_capped360_split_temporal,AV+Metabolismo+Nutrizione,3,37,148,60,capped360,split_temporal,2,305,58.58,106.74,48.16,114.58,284.53,169.94,69.53,107.01,1.822,False,0,130959,0,130959,1.0,0.0,1.0,1.4142,,70.2,,70.2,False
638,AV+Metabolismo+Nutrizione_W60_H3_capped360_split_temporal,AV+Metabolismo+Nutrizione,3,37,148,60,capped360,split_temporal,3,457,55.57,104.27,48.7,109.04,275.47,166.43,70.29,104.69,1.876,False,12370,118589,0,130959,0.198,0.0,1.0,1.0194,71.8,70.1,,70.2,False
639,AV+Metabolismo+Nutrizione_W60_H5_capped360_split_temporal,AV+Metabolismo+Nutrizione,3,37,148,60,capped360,split_temporal,5,761,49.34,103.78,54.44,92.3,270.96,178.66,68.0,97.43,2.104,False,12630,118329,0,130959,0.1873,0.0,1.0,1.0174,71.2,70.1,,70.2,False
640,AV+Metabolismo+Nutrizione_W60_H8_capped360_split_temporal,AV+Metabolismo+Nutrizione,3,37,148,60,capped360,split_temporal,8,1217,46.43,106.43,60.01,83.21,287.69,204.48,66.82,97.28,2.292,False,11464,119495,0,130959,0.1966,0.0,1.0,1.0191,71.1,70.2,,70.2,False
641,AV+Metabolismo+Nutrizione_W60_H16_capped360_split_temporal,AV+Metabolismo+Nutrizione,3,37,148,60,capped360,split_temporal,16,2433,37.11,106.57,69.46,63.7,272.42,208.72,62.07,84.23,2.872,False,14986,115104,869,130959,0.2807,0.6306,0.3694,0.4639,69.6,70.3,70.2,70.2,False
642,AV+Metabolismo+Nutrizione_W60_H32_capped360_split_temporal,AV+Metabolismo+Nutrizione,3,37,148,60,capped360,split_temporal,32,4865,26.33,103.88,77.56,38.8,253.48,214.68,61.84,72.21,3.946,True,19424,108675,2860,130959,0.2989,0.7129,0.2871,0.4144,70.3,70.3,68.5,70.2,False
643,Anemia+Metabolismo+Nutrizione_W60_H1_capped360_split_patient,Anemia+Metabolismo+Nutrizione,3,26,104,60,capped360,split_patient,1,107,79.06,84.63,5.57,176.45,176.86,0.41,83.22,166.15,1.07,False,9468,92825,0,102293,0.2304,0.0,1.0,1.0262,71.6,69.5,,69.7,False
644,Anemia+Metabolismo+Nutrizione_W60_H2_capped360_split_patient,Anemia+Metabolismo+Nutrizione,3,26,104,60,capped360,split_patient,2,217,79.9,82.99,3.09,181.86,179.11,2.75,80.85,168.58,1.039,False,13102,89191,0,102293,0.2483,0.0,1.0,1.0304,73.2,69.2,,69.7,False
645,Anemia+Metabolismo+Nutrizione_W60_H3_capped360_split_patient,Anemia+Metabolismo+Nutrizione,3,26,104,60,capped360,split_patient,3,325,89.01,94.4,5.39,171.77,170.25,1.51,94.73,162.5,1.061,False,19107,83186,0,102293,0.3424,0.0,1.0,1.057,71.3,69.4,,69.7,False
646,Anemia+Metabolismo+Nutrizione_W60_H5_capped360_split_patient,Anemia+Metabolismo+Nutrizione,3,26,104,60,capped360,split_patient,5,541,67.99,80.45,12.45,147.83,154.18,6.36,80.05,142.57,1.183,False,17366,84927,0,102293,0.3038,0.0,1.0,1.0451,70.8,69.5,,69.7,False
647,Anemia+Metabolismo+Nutrizione_W60_H8_capped360_split_patient,Anemia+Metabolismo+Nutrizione,3,26,104,60,capped360,split_patient,8,865,61.26,82.69,21.43,130.91,156.49,25.57,78.25,140.34,1.35,False,17884,84409,0,102293,0.3472,0.0,1.0,1.0586,72.2,69.2,,69.7,False
648,Anemia+Metabolismo+Nutrizione_W60_H16_capped360_split_patient,Anemia+Metabolismo+Nutrizione,3,26,104,60,capped360,split_patient,16,1729,60.4,80.5,20.1,128.02,147.62,19.6,83.13,142.88,1.333,True,18465,79015,4813,102293,0.323,0.7735,0.2265,0.3945,71.9,69.5,65.2,69.7,False
649,Anemia+Metabolismo+Nutrizione_W60_H32_capped360_split_patient,Anemia+Metabolismo+Nutrizione,3,26,104,60,capped360,split_patient,32,3457,54.74,85.27,30.52,106.84,143.56,36.72,90.36,141.35,1.558,True,20494,70946,10853,102293,0.3499,0.7367,0.2633,0.4379,71.1,69.6,68.0,69.7,False
650,Anemia+Metabolismo+Nutrizione_W60_H1_capped360_split_temporal,Anemia+Metabolismo+Nutrizione,3,26,104,60,capped360,split_temporal,1,107,63.49,123.51,60.02,129.09,344.97,215.88,76.34,123.87,1.945,False,0,130165,794,130959,1.0,0.1574,0.8426,1.3077,,70.3,68.3,70.2,False
651,Anemia+Metabolismo+Nutrizione_W60_H2_capped360_split_temporal,Anemia+Metabolismo+Nutrizione,3,26,104,60,capped360,split_temporal,2,217,61.59,111.01,49.42,123.95,296.18,172.23,73.11,116.47,1.802,False,0,130959,0,130959,1.0,0.0,1.0,1.4142,,70.2,,70.2,False
652,Anemia+Metabolismo+Nutrizione_W60_H3_capped360_split_temporal,Anemia+Metabolismo+Nutrizione,3,26,104,60,capped360,split_temporal,3,325,57.95,105.46,47.51,115.59,278.1,162.5,70.53,110.7,1.82,False,11329,119630,0,130959,0.2158,0.0,1.0,1.023,70.9,70.2,,70.2,False
653,Anemia+Metabolismo+Nutrizione_W60_H5_capped360_split_temporal,Anemia+Metabolismo+Nutrizione,3,26,104,60,capped360,split_temporal,5,541,53.23,102.77,49.54,104.61,266.26,161.65,69.44,103.92,1.931,False,14293,116666,0,130959,0.2181,0.0,1.0,1.0235,71.9,70.0,,70.2,False
654,Anemia+Metabolismo+Nutrizione_W60_H8_capped360_split_temporal,Anemia+Metabolismo+Nutrizione,3,26,104,60,capped360,split_temporal,8,865,49.31,103.9,54.58,94.4,267.32,172.92,70.1,102.81,2.107,False,14370,116589,0,130959,0.2404,0.0,1.0,1.0285,70.1,70.3,,70.2,False
655,Anemia+Metabolismo+Nutrizione_W60_H16_capped360_split_temporal,Anemia+Metabolismo+Nutrizione,3,26,104,60,capped360,split_temporal,16,1729,43.84,101.81,57.97,81.81,252.26,170.44,69.27,95.45,2.322,False,18342,112617,0,130959,0.2603,0.0,1.0,1.0333,72.9,69.8,,70.2,False
656,Anemia+Metabolismo+Nutrizione_W60_H32_capped360_split_temporal,Anemia+Metabolismo+Nutrizione,3,26,104,60,capped360,split_temporal,32,3457,42.48,103.12,60.64,80.16,261.61,181.44,66.01,90.03,2.428,True,16396,107236,7327,130959,0.2378,0.664,0.336,0.4116,71.4,70.2,68.5,70.2,False
657,Anemia+Metabolismo+Nutrizione_W60_H64_capped360_split_temporal,Anemia+Metabolismo+Nutrizione,3,26,104,60,capped360,split_temporal,64,6913,32.52,107.75,75.23,54.65,256.47,201.82,66.58,82.68,3.313,True,19510,102732,8717,130959,0.333,0.7141,0.2859,0.4389,71.8,70.2,67.5,70.2,False
658,Anemia+Metabolismo+Nutrizione_W60_H104_capped360_split_temporal,Anemia+Metabolismo+Nutrizione,3,26,104,60,capped360,split_temporal,104,11233,28.41,106.89,78.48,47.39,246.99,199.6,66.7,78.06,3.762,True,20911,93930,16118,130959,0.3358,0.6616,0.3384,0.4767,70.9,70.5,68.0,70.2,False
659,AV+Anemia+Metabolismo+Nutrizione_W60_H1_capped360_split_patient,AV+Anemia+Metabolismo+Nutrizione,4,44,176,60,capped360,split_patient,1,179,91.67,93.29,1.62,194.13,187.82,6.32,93.06,183.62,1.018,False,0,100821,1472,102293,1.0,0.5523,0.4477,1.0956,,69.9,59.4,69.7,False
660,AV+Anemia+Metabolismo+Nutrizione_W60_H2_capped360_split_patient,AV+Anemia+Metabolismo+Nutrizione,4,44,176,60,capped360,split_patient,2,361,75.75,80.29,4.53,162.27,160.26,2.01,80.09,159.51,1.06,False,18702,83591,0,102293,0.3098,0.0,1.0,1.0469,70.5,69.5,,69.7,False
661,AV+Anemia+Metabolismo+Nutrizione_W60_H3_capped360_split_patient,AV+Anemia+Metabolismo+Nutrizione,4,44,176,60,capped360,split_patient,3,541,67.95,77.26,9.31,145.26,154.66,9.4,77.47,147.81,1.137,False,16899,85394,0,102293,0.2663,0.0,1.0,1.0349,71.7,69.3,,69.7,False
662,AV+Anemia+Metabolismo+Nutrizione_W60_H5_capped360_split_patient,AV+Anemia+Metabolismo+Nutrizione,4,44,176,60,capped360,split_patient,5,901,60.81,79.59,18.78,123.22,144.66,21.45,78.43,136.85,1.309,False,19280,83013,0,102293,0.3221,0.0,1.0,1.0506,71.6,69.3,,69.7,False
663,AV+Anemia+Metabolismo+Nutrizione_W60_H8_capped360_split_patient,AV+Anemia+Metabolismo+Nutrizione,4,44,176,60,capped360,split_patient,8,1441,56.18,76.61,20.43,114.53,135.38,20.85,80.18,132.04,1.364,False,20657,81627,9,102293,0.3118,1.0,0.0,0.3118,71.6,69.2,62.2,69.7,False
664,AV+Anemia+Metabolismo+Nutrizione_W60_H16_capped360_split_patient,AV+Anemia+Metabolismo+Nutrizione,4,44,176,60,capped360,split_patient,16,2881,51.06,80.07,29.02,103.25,144.0,40.75,82.47,138.26,1.568,True,19451,73433,9409,102293,0.3324,0.796,0.204,0.39,72.0,69.6,65.7,69.7,False
665,AV+Anemia+Metabolismo+Nutrizione_W60_H1_capped360_split_temporal,AV+Anemia+Metabolismo+Nutrizione,4,44,176,60,capped360,split_temporal,1,179,63.15,122.78,59.64,128.12,342.55,214.43,75.83,122.93,1.944,False,0,130130,829,130959,1.0,0.4897,0.5103,1.1227,,70.3,65.2,70.2,False
666,AV+Anemia+Metabolismo+Nutrizione_W60_H2_capped360_split_temporal,AV+Anemia+Metabolismo+Nutrizione,4,44,176,60,capped360,split_temporal,2,361,66.84,117.92,51.09,120.05,312.5,192.45,75.41,114.04,1.764,False,0,130959,0,130959,1.0,0.0,1.0,1.4142,,70.2,,70.2,False
667,AV+Anemia+Metabolismo+Nutrizione_W60_H3_capped360_split_temporal,AV+Anemia+Metabolismo+Nutrizione,4,44,176,60,capped360,split_temporal,3,541,54.35,104.23,49.88,107.16,277.04,169.88,68.79,103.86,1.918,False,11630,119329,0,130959,0.1761,0.0,1.0,1.0154,71.2,70.1,,70.2,False
668,AV+Anemia+Metabolismo+Nutrizione_W60_H5_capped360_split_temporal,AV+Anemia+Metabolismo+Nutrizione,4,44,176,60,capped360,split_temporal,5,901,46.85,103.27,56.43,87.2,263.35,176.15,67.01,94.32,2.205,False,16804,114155,0,130959,0.2465,0.0,1.0,1.0299,71.2,70.1,,70.2,False
669,AV+Anemia+Metabolismo+Nutrizione_W60_H8_capped360_split_temporal,AV+Anemia+Metabolismo+Nutrizione,4,44,176,60,capped360,split_temporal,8,1441,48.97,106.55,57.58,92.98,287.72,194.74,68.05,100.35,2.176,False,9703,120688,568,130959,0.1717,0.5951,0.4049,0.4398,70.8,70.2,71.0,70.2,False
670,AV+Anemia+Metabolismo+Nutrizione_W60_H16_capped360_split_temporal,AV+Anemia+Metabolismo+Nutrizione,4,44,176,60,capped360,split_temporal,16,2881,29.41,105.8,76.39,46.37,255.99,209.61,62.07,76.44,3.597,False,18722,112237,0,130959,0.3137,0.0,1.0,1.048,71.0,70.1,,70.2,False
671,AV+Anemia+Metabolismo+Nutrizione_W60_H32_capped360_split_temporal,AV+Anemia+Metabolismo+Nutrizione,4,44,176,60,capped360,split_temporal,32,5761,23.14,103.61,80.46,34.51,256.56,222.04,59.95,67.0,4.477,True,19641,105833,5485,130959,0.2979,0.6168,0.3832,0.4854,70.7,70.2,68.5,70.2,False
672,AV+Anemia+Metabolismo+Nutrizione_W60_H64_capped360_split_temporal,AV+Anemia+Metabolismo+Nutrizione,4,44,176,60,capped360,split_temporal,64,11521,20.32,104.11,83.78,30.0,250.04,220.04,58.37,66.22,5.122,True,18948,93720,18291,130959,0.2874,0.7227,0.2773,0.3994,71.4,70.5,67.6,70.2,False
673,AV+Anemia+Metabolismo+Nutrizione_W60_H128_capped360_split_temporal,AV+Anemia+Metabolismo+Nutrizione,4,44,176,60,capped360,split_temporal,128,23041,16.15,104.92,88.78,19.92,234.09,214.17,59.02,59.17,6.498,True,22144,92894,15921,130959,0.3235,0.7523,0.2477,0.4074,71.4,70.3,68.0,70.2,False
674,AV+Anemia+Metabolismo+Nutrizione_W60_H176_capped360_split_temporal,AV+Anemia+Metabolismo+Nutrizione,4,44,176,60,capped360,split_temporal,176,31681,13.8,106.24,92.43,15.94,230.88,214.94,59.21,58.1,7.697,True,21537,90356,19066,130959,0.3299,0.7306,0.2694,0.4259,71.3,70.4,68.3,70.2,False
675,AV_W60_H1_uncapped_split_patient,AV,1,26,104,60,uncapped,split_patient,1,107,346.95,347.47,0.52,108.1,112.48,4.39,377.81,110.42,1.002,True,89135,6227,6931,102293,0.6832,0.7671,0.2329,0.7218,70.1,67.6,66.4,69.7,False
676,AV_W60_H2_uncapped_split_patient,AV,1,26,104,60,uncapped,split_patient,2,217,194.86,196.1,1.23,252.07,248.13,3.94,184.16,227.07,1.006,False,0,42320,59973,102293,1.0,0.679,0.321,1.0503,,72.3,67.9,69.7,False
677,AV_W60_H3_uncapped_split_patient,AV,1,26,104,60,uncapped,split_patient,3,325,173.9,183.42,9.52,216.54,229.56,13.01,181.89,210.28,1.055,True,14262,10984,77047,102293,0.3741,0.6529,0.3471,0.5103,72.4,71.3,69.0,69.7,False
678,AV_W60_H5_uncapped_split_patient,AV,1,26,104,60,uncapped,split_patient,5,541,169.78,183.02,13.25,205.18,218.41,13.23,176.91,189.68,1.078,True,9578,30345,62370,102293,0.3564,0.6891,0.3109,0.4729,72.5,71.0,68.7,69.7,False
679,AV_W60_H8_uncapped_split_patient,AV,1,26,104,60,uncapped,split_patient,8,865,152.29,182.64,30.36,183.85,220.68,36.83,177.29,180.23,1.199,True,15394,16541,70358,102293,0.3842,0.6709,0.3291,0.5059,72.2,70.5,69.0,69.7,False
680,AV_W60_H16_uncapped_split_patient,AV,1,26,104,60,uncapped,split_patient,16,1729,136.78,189.04,52.26,159.97,209.4,49.43,177.66,182.09,1.382,True,15709,32327,54257,102293,0.4184,0.6966,0.3034,0.5168,71.2,70.9,68.6,69.7,False
681,AV_W60_H1_uncapped_split_temporal,AV,1,26,104,60,uncapped,split_temporal,1,107,213.86,227.85,14.0,181.77,419.24,237.47,178.17,159.79,1.065,False,0,26058,104901,130959,1.0,0.5826,0.4174,1.0836,,74.4,69.2,70.2,False
682,AV_W60_H2_uncapped_split_temporal,AV,1,26,104,60,uncapped,split_temporal,2,217,203.63,233.06,29.44,205.14,487.27,282.12,185.09,189.48,1.145,False,0,0,130959,130959,1.0,0.5145,0.4855,1.1116,,,70.2,70.2,False
683,AV_W60_H3_uncapped_split_temporal,AV,1,26,104,60,uncapped,split_temporal,3,325,199.51,202.16,2.64,185.95,433.0,247.05,174.11,162.15,1.013,True,4734,6869,119356,130959,0.2649,0.5451,0.4549,0.5264,69.3,73.5,70.1,70.2,False
684,AV_W60_H5_uncapped_split_temporal,AV,1,26,104,60,uncapped,split_temporal,5,541,189.54,206.76,17.22,174.16,430.87,256.7,171.16,156.75,1.091,True,5156,18695,107108,130959,0.2593,0.5639,0.4361,0.5074,72.6,73.3,69.6,70.2,False
685,AV_W60_H8_uncapped_split_temporal,AV,1,26,104,60,uncapped,split_temporal,8,865,186.91,198.27,11.37,166.98,400.43,233.45,165.55,146.78,1.061,True,2688,31712,96559,130959,0.2206,0.5995,0.4005,0.4572,70.8,72.7,69.4,70.2,False
686,AV_W60_H16_uncapped_split_temporal,AV,1,26,104,60,uncapped,split_temporal,16,1729,140.6,217.19,76.59,130.21,420.38,290.17,158.96,142.0,1.545,True,8845,18962,103152,130959,0.3449,0.5718,0.4282,0.5498,71.5,72.6,69.7,70.2,False
687,AV_W60_H32_uncapped_split_temporal,AV,1,26,104,60,uncapped,split_temporal,32,3457,114.29,209.51,95.22,101.01,396.14,295.13,150.03,123.26,1.833,True,8500,25618,96841,130959,0.2821,0.5969,0.4031,0.492,71.7,72.4,69.5,70.2,False
688,Anemia_W60_H1_uncapped_split_patient,Anemia,1,8,32,60,uncapped,split_patient,1,35,200.15,203.36,3.21,269.54,273.66,4.13,196.91,259.26,1.016,True,3400,17040,81853,102293,0.4171,0.5994,0.4006,0.5783,69.9,69.4,69.8,69.7,False
689,Anemia_W60_H2_uncapped_split_patient,Anemia,1,8,32,60,uncapped,split_patient,2,73,207.32,207.29,0.02,275.05,273.36,1.69,202.99,261.14,1.0,False,0,23937,78356,102293,1.0,0.5931,0.4069,1.0796,,69.6,69.8,69.7,False
690,Anemia_W60_H3_uncapped_split_patient,Anemia,1,8,32,60,uncapped,split_patient,3,109,197.98,203.86,5.88,267.2,275.22,8.02,197.78,257.22,1.03,True,5003,13428,83862,102293,0.4501,0.5937,0.4063,0.6064,70.5,68.9,69.8,69.7,False
691,Anemia_W60_H5_uncapped_split_patient,Anemia,1,8,32,60,uncapped,split_patient,5,181,193.88,203.43,9.55,262.22,271.61,9.39,197.58,258.66,1.049,True,6745,10857,84691,102293,0.4729,0.59,0.41,0.6259,69.8,69.7,69.7,69.7,False
692,Anemia_W60_H8_uncapped_split_patient,Anemia,1,8,32,60,uncapped,split_patient,8,289,188.75,205.15,16.39,253.06,270.04,16.98,194.69,246.87,1.087,True,7570,14846,79877,102293,0.5218,0.5902,0.4098,0.6635,69.2,70.5,69.6,69.7,False
693,Anemia_W60_H16_uncapped_split_patient,Anemia,1,8,32,60,uncapped,split_patient,16,577,190.35,202.23,11.88,244.2,257.69,13.49,196.13,239.5,1.062,True,7612,23898,70783,102293,0.4865,0.6098,0.3902,0.6236,70.5,70.2,69.5,69.7,False
694,Anemia_W60_H32_uncapped_split_patient,Anemia,1,8,32,60,uncapped,split_patient,32,1153,183.68,203.6,19.93,239.71,262.15,22.44,193.25,237.8,1.108,True,7671,24281,70341,102293,0.4998,0.61,0.39,0.634,69.2,70.3,69.6,69.7,False
695,Anemia_W60_H1_uncapped_split_temporal,Anemia,1,8,32,60,uncapped,split_temporal,1,35,232.22,210.76,21.45,201.43,487.38,285.95,198.76,193.75,0.908,False,52,2107,128800,130959,0.6538,0.5193,0.4807,0.8115,53.0,72.1,70.2,70.2,False
696,Anemia_W60_H2_uncapped_split_temporal,Anemia,1,8,32,60,uncapped,split_temporal,2,73,235.8,202.99,32.81,195.18,465.16,269.98,197.11,184.35,0.861,False,0,1075,129884,130959,1.0,0.5144,0.4856,1.1117,,71.0,70.2,70.2,False
697,Anemia_W60_H3_uncapped_split_temporal,Anemia,1,8,32,60,uncapped,split_temporal,3,109,226.76,210.91,15.85,197.21,474.02,276.81,192.94,187.47,0.93,False,0,12525,118434,130959,1.0,0.5341,0.4659,1.1032,,71.9,70.1,70.2,False
698,Anemia_W60_H5_uncapped_split_temporal,Anemia,1,8,32,60,uncapped,split_temporal,5,181,220.97,215.99,4.98,198.19,479.86,281.68,190.31,187.69,0.977,True,1526,9712,119721,130959,0.3447,0.5348,0.4652,0.579,68.5,72.1,70.1,70.2,False
699,Anemia_W60_H8_uncapped_split_temporal,Anemia,1,8,32,60,uncapped,split_temporal,8,289,223.97,202.45,21.52,189.36,449.79,260.42,190.88,177.56,0.904,True,1713,13002,116244,130959,0.2364,0.5418,0.4582,0.5156,70.0,71.8,70.1,70.2,False
700,Anemia_W60_H16_uncapped_split_temporal,Anemia,1,8,32,60,uncapped,split_temporal,16,577,220.55,204.54,16.01,188.25,444.41,256.16,189.24,177.5,0.927,True,3165,15134,112660,130959,0.3112,0.5486,0.4514,0.5483,68.6,72.0,70.1,70.2,False
701,Anemia_W60_H32_uncapped_split_temporal,Anemia,1,8,32,60,uncapped,split_temporal,32,1153,220.51,201.06,19.44,184.61,436.22,251.61,188.81,176.16,0.912,True,1725,20075,109159,130959,0.2446,0.5521,0.4479,0.5103,69.2,72.0,69.9,70.2,False
702,Metabolismo_W60_H1_uncapped_split_patient,Metabolismo,1,7,28,60,uncapped,split_patient,1,31,212.27,209.72,2.55,310.44,301.41,9.03,206.87,290.98,0.988,False,0,0,102293,102293,1.0,0.5602,0.4398,1.0924,,,69.7,69.7,False
703,Metabolismo_W60_H2_uncapped_split_patient,Metabolismo,1,7,28,60,uncapped,split_patient,2,65,209.45,207.7,1.75,282.49,274.48,8.01,205.94,266.17,0.992,False,0,18735,83558,102293,1.0,0.585,0.415,1.0827,,72.7,69.0,69.7,False
704,Metabolismo_W60_H3_uncapped_split_patient,Metabolismo,1,7,28,60,uncapped,split_patient,3,97,201.87,200.1,1.78,282.02,270.23,11.79,197.6,263.61,0.991,True,5707,4434,92152,102293,0.3652,0.5899,0.4101,0.5491,69.8,70.3,69.7,69.7,False
705,Metabolismo_W60_H5_uncapped_split_patient,Metabolismo,1,7,28,60,uncapped,split_patient,5,161,194.79,200.21,5.42,265.19,262.79,2.39,197.38,255.66,1.028,True,6090,18029,78174,102293,0.4049,0.6068,0.3932,0.5644,73.7,70.3,69.3,69.7,False
706,Metabolismo_W60_H8_uncapped_split_patient,Metabolismo,1,7,28,60,uncapped,split_patient,8,257,193.78,199.77,5.99,264.54,260.43,4.11,198.22,249.39,1.031,True,6208,20409,75676,102293,0.3961,0.6104,0.3896,0.5556,72.5,71.4,69.0,69.7,False
707,Metabolismo_W60_H16_uncapped_split_patient,Metabolismo,1,7,28,60,uncapped,split_patient,16,513,191.68,201.27,9.59,246.36,251.25,4.89,196.83,234.24,1.05,True,5113,36192,60988,102293,0.356,0.6256,0.3744,0.5166,70.8,70.6,69.1,69.7,False
708,Metabolismo_W60_H28_uncapped_split_patient,Metabolismo,1,7,28,60,uncapped,split_patient,28,897,189.37,200.02,10.65,235.36,238.28,2.91,196.8,228.04,1.056,True,8137,35784,58372,102293,0.4401,0.6366,0.3634,0.5707,71.5,70.3,69.1,69.7,False
709,Metabolismo_W60_H1_uncapped_split_temporal,Metabolismo,1,7,28,60,uncapped,split_temporal,1,31,246.33,191.04,55.29,182.76,434.19,251.43,201.13,172.77,0.776,False,0,0,130959,130959,1.0,0.5145,0.4855,1.1116,,,70.2,70.2,False
710,Metabolismo_W60_H2_uncapped_split_temporal,Metabolismo,1,7,28,60,uncapped,split_temporal,2,65,241.84,198.89,42.95,189.82,459.34,269.52,200.83,180.36,0.822,False,0,14,130945,130959,1.0,0.5145,0.4855,1.1116,,61.6,70.2,70.2,False
711,Metabolismo_W60_H3_uncapped_split_temporal,Metabolismo,1,7,28,60,uncapped,split_temporal,3,97,225.91,224.85,1.06,210.22,509.49,299.27,197.16,198.45,0.995,False,0,4083,126876,130959,1.0,0.5182,0.4818,1.11,,66.3,70.4,70.2,False
712,Metabolismo_W60_H5_uncapped_split_temporal,Metabolismo,1,7,28,60,uncapped,split_temporal,5,161,227.14,211.19,15.95,198.15,478.37,280.22,196.32,188.72,0.93,True,1723,5216,124020,130959,0.3413,0.5209,0.4791,0.5882,62.7,70.4,70.3,70.2,False
713,Metabolismo_W60_H8_uncapped_split_temporal,Metabolismo,1,7,28,60,uncapped,split_temporal,8,257,224.69,214.17,10.51,202.14,480.39,278.24,195.46,191.4,0.953,True,1378,11060,118521,130959,0.4731,0.5282,0.4718,0.6681,64.3,70.4,70.3,70.2,False
714,Metabolismo_W60_H16_uncapped_split_temporal,Metabolismo,1,7,28,60,uncapped,split_temporal,16,513,231.53,195.92,35.61,184.68,435.17,250.49,195.03,176.32,0.846,True,1665,15997,113297,130959,0.3165,0.532,0.468,0.565,63.0,70.4,70.3,70.2,False
715,Metabolismo_W60_H28_uncapped_split_temporal,Metabolismo,1,7,28,60,uncapped,split_temporal,28,897,216.47,217.71,1.23,196.48,479.45,282.96,194.18,190.36,1.006,True,1029,13723,116207,130959,0.484,0.5276,0.4724,0.6763,70.3,69.2,70.4,70.2,False
716,Nutrizione_W60_H1_uncapped_split_patient,Nutrizione,1,11,44,60,uncapped,split_patient,1,47,187.51,188.44,0.93,240.16,238.58,1.58,184.39,217.55,1.005,True,6218,24927,71148,102293,0.1645,0.6515,0.3485,0.3854,74.4,71.6,68.6,69.7,False
717,Nutrizione_W60_H2_uncapped_split_patient,Nutrizione,1,11,44,60,uncapped,split_patient,2,97,184.54,181.95,2.59,242.11,228.57,13.53,180.74,218.93,0.986,False,15251,272,86770,102293,0.2599,0.6393,0.3607,0.4446,71.3,70.8,69.4,69.7,False
718,Nutrizione_W60_H3_uncapped_split_patient,Nutrizione,1,11,44,60,uncapped,split_patient,3,145,176.08,180.37,4.29,224.86,222.76,2.1,180.23,212.13,1.024,True,13791,9453,79049,102293,0.2625,0.6474,0.3526,0.4396,71.2,71.2,69.3,69.7,False
719,Nutrizione_W60_H5_uncapped_split_patient,Nutrizione,1,11,44,60,uncapped,split_patient,5,241,166.71,173.08,6.37,206.92,202.31,4.61,171.91,195.34,1.038,True,14731,12782,74780,102293,0.2465,0.681,0.319,0.4031,71.4,70.7,69.2,69.7,False
720,Nutrizione_W60_H8_uncapped_split_patient,Nutrizione,1,11,44,60,uncapped,split_patient,8,385,168.01,180.0,11.99,215.12,215.1,0.02,176.17,202.71,1.071,True,13013,21529,67751,102293,0.2569,0.6712,0.3288,0.4173,71.8,70.1,69.2,69.7,False
721,Nutrizione_W60_H16_uncapped_split_patient,Nutrizione,1,11,44,60,uncapped,split_patient,16,769,154.8,178.26,23.46,188.76,198.21,9.45,171.64,178.28,1.152,True,15950,19751,66592,102293,0.2913,0.6867,0.3133,0.4278,71.5,70.7,69.0,69.7,False
722,Nutrizione_W60_H32_uncapped_split_patient,Nutrizione,1,11,44,60,uncapped,split_patient,32,1537,144.69,179.44,34.76,168.68,191.06,22.38,174.09,174.79,1.24,True,17902,21992,62399,102293,0.3136,0.6879,0.3121,0.4424,71.7,69.0,69.4,69.7,False
723,Nutrizione_W60_H44_uncapped_split_patient,Nutrizione,1,11,44,60,uncapped,split_patient,44,2113,148.27,179.71,31.44,163.89,185.95,22.06,176.0,172.84,1.212,True,17701,24651,59941,102293,0.3092,0.6927,0.3073,0.4359,71.9,69.3,69.3,69.7,False
724,Nutrizione_W60_H1_uncapped_split_temporal,Nutrizione,1,11,44,60,uncapped,split_temporal,1,47,214.73,233.19,18.47,222.78,473.29,250.51,191.94,202.6,1.086,True,4038,15062,111859,130959,0.1248,0.5717,0.4283,0.4461,73.5,72.6,69.8,70.2,False
725,Nutrizione_W60_H2_uncapped_split_temporal,Nutrizione,1,11,44,60,uncapped,split_temporal,2,97,228.8,212.34,16.46,205.59,484.13,278.54,191.64,190.87,0.928,False,0,290,130669,130959,1.0,0.5142,0.4858,1.1118,,69.4,70.2,70.2,False
726,AV+Anemia_W60_H1_uncapped_split_patient,AV+Anemia,2,33,132,60,uncapped,split_patient,1,135,283.5,inf,inf,107.18,inf,inf,277.84,104.12,inf,False,74957,26381,955,102293,0.6559,0.6764,0.3236,0.7314,70.2,68.5,62.2,69.7,False
727,AV+Anemia_W60_H2_uncapped_split_patient,AV+Anemia,2,33,132,60,uncapped,split_patient,2,273,195.74,197.14,1.4,257.68,254.51,3.17,187.98,234.42,1.007,False,0,47444,54849,102293,1.0,0.6873,0.3127,1.0478,,71.7,68.0,69.7,False
728,AV+Anemia_W60_H3_uncapped_split_patient,AV+Anemia,2,33,132,60,uncapped,split_patient,3,409,171.22,183.67,12.46,222.85,241.29,18.43,173.31,204.56,1.073,True,12426,10343,79524,102293,0.3844,0.6456,0.3544,0.5228,72.8,72.6,68.9,69.7,False
729,AV+Anemia_W60_H5_uncapped_split_patient,AV+Anemia,2,33,132,60,uncapped,split_patient,5,681,160.94,188.65,27.7,201.55,233.96,32.41,175.13,193.86,1.172,True,13678,16047,72568,102293,0.3954,0.6473,0.3527,0.5298,72.4,70.2,69.1,69.7,False
730,AV+Anemia_W60_H8_uncapped_split_patient,AV+Anemia,2,33,132,60,uncapped,split_patient,8,1089,152.71,189.22,36.51,180.61,218.41,37.8,181.71,183.89,1.239,True,11288,36097,54908,102293,0.4165,0.6914,0.3086,0.5184,74.0,70.0,68.6,69.7,False
731,AV+Anemia_W60_H16_uncapped_split_patient,AV+Anemia,2,33,132,60,uncapped,split_patient,16,2177,137.39,193.16,55.78,163.76,214.36,50.6,188.68,199.36,1.406,True,15668,34050,52575,102293,0.4371,0.6793,0.3207,0.5421,71.9,71.1,68.1,69.7,False
732,AV+Anemia_W60_H1_uncapped_split_temporal,AV+Anemia,2,33,132,60,uncapped,split_temporal,1,135,198.08,233.09,35.01,202.36,464.98,262.62,179.2,177.98,1.177,True,3264,20716,106979,130959,0.1244,0.5792,0.4208,0.4388,72.4,73.6,69.5,70.2,False
733,AV+Anemia_W60_H2_uncapped_split_temporal,AV+Anemia,2,33,132,60,uncapped,split_temporal,2,273,228.96,198.35,30.6,191.56,439.91,248.35,191.51,172.81,0.866,False,0,335,130624,130959,1.0,0.5143,0.4857,1.1117,,68.0,70.2,70.2,False
734,AV+Metabolismo_W60_H1_uncapped_split_patient,AV+Metabolismo,2,32,128,60,uncapped,split_patient,1,131,330.94,329.75,1.2,100.96,109.18,8.22,343.02,107.88,0.996,True,89618,7908,4767,102293,0.6913,0.6631,0.3369,0.769,69.8,69.1,69.5,69.7,False
735,AV+Metabolismo_W60_H2_uncapped_split_patient,AV+Metabolismo,2,32,128,60,uncapped,split_patient,2,265,187.29,193.46,6.16,226.72,228.54,1.83,181.48,206.66,1.033,False,0,34450,67843,102293,1.0,0.6628,0.3372,1.0553,,71.8,68.6,69.7,False
736,AV+Metabolismo_W60_H3_uncapped_split_patient,AV+Metabolismo,2,32,128,60,uncapped,split_patient,3,397,180.06,189.08,9.02,213.79,220.89,7.1,182.5,200.91,1.05,False,0,48346,53947,102293,1.0,0.7022,0.2978,1.0434,,71.7,67.9,69.7,False
737,AV+Metabolismo_W60_H5_uncapped_split_patient,AV+Metabolismo,2,32,128,60,uncapped,split_patient,5,661,163.64,188.42,24.78,206.72,232.47,25.74,180.88,202.76,1.151,True,10794,26685,64814,102293,0.4211,0.6605,0.3395,0.5409,73.2,72.0,68.2,69.7,False
738,AV+Metabolismo_W60_H8_uncapped_split_patient,AV+Metabolismo,2,32,128,60,uncapped,split_patient,8,1057,159.63,187.47,27.85,177.32,206.63,29.31,184.07,186.42,1.174,True,14612,32179,55502,102293,0.4061,0.6875,0.3125,0.5124,72.6,70.0,68.8,69.7,False
739,AV+Metabolismo_W60_H16_uncapped_split_patient,AV+Metabolismo,2,32,128,60,uncapped,split_patient,16,2113,139.13,188.73,49.6,147.07,192.75,45.68,180.71,178.45,1.357,True,20026,31386,50881,102293,0.4361,0.7028,0.2972,0.5277,71.7,70.1,68.7,69.7,False
740,AV+Metabolismo_W60_H1_uncapped_split_temporal,AV+Metabolismo,2,32,128,60,uncapped,split_temporal,1,131,214.96,210.71,4.25,183.2,413.22,230.02,178.7,160.93,0.98,False,0,26318,104641,130959,1.0,0.5829,0.4171,1.0835,,73.2,69.5,70.2,False
741,AV+Metabolismo_W60_H2_uncapped_split_temporal,AV+Metabolismo,2,32,128,60,uncapped,split_temporal,2,265,215.28,211.18,4.1,184.81,432.18,247.37,179.38,166.98,0.981,False,0,43837,87122,130959,1.0,0.6106,0.3894,1.0731,,72.9,68.9,70.2,False
742,AV+Metabolismo_W60_H3_uncapped_split_temporal,AV+Metabolismo,2,32,128,60,uncapped,split_temporal,3,397,198.34,203.49,5.15,183.24,433.43,250.19,176.77,161.69,1.026,True,5534,6691,118734,130959,0.2741,0.5464,0.4536,0.53,71.9,74.4,69.9,70.2,False
743,AV+Metabolismo_W60_H5_uncapped_split_temporal,AV+Metabolismo,2,32,128,60,uncapped,split_temporal,5,661,184.17,212.65,28.47,178.17,441.47,263.3,169.75,163.95,1.155,True,5446,11129,114384,130959,0.2497,0.5594,0.4406,0.5064,71.4,72.7,69.9,70.2,False
744,AV+Metabolismo_W60_H8_uncapped_split_temporal,AV+Metabolismo,2,32,128,60,uncapped,split_temporal,8,1057,175.99,201.21,25.22,160.82,404.03,243.2,161.42,143.08,1.143,True,7469,24385,99105,130959,0.2893,0.5891,0.4109,0.5025,70.8,72.3,69.7,70.2,False
745,AV+Metabolismo_W60_H16_uncapped_split_temporal,AV+Metabolismo,2,32,128,60,uncapped,split_temporal,16,2113,146.34,203.7,57.35,139.18,391.42,252.25,161.17,138.81,1.392,True,8673,25652,96634,130959,0.2779,0.6002,0.3998,0.4869,70.2,72.9,69.5,70.2,False
746,AV+Metabolismo_W60_H32_uncapped_split_temporal,AV+Metabolismo,2,32,128,60,uncapped,split_temporal,32,4225,100.71,209.63,108.93,81.08,390.29,309.2,151.88,119.77,2.082,True,10868,25949,94142,130959,0.3476,0.6024,0.3976,0.5281,70.3,72.3,69.7,70.2,False
747,AV+Nutrizione_W60_H1_uncapped_split_patient,AV+Nutrizione,2,31,124,60,uncapped,split_patient,1,127,361.21,423.08,61.86,125.98,134.3,8.33,347.93,108.61,1.171,True,88321,7292,6680,102293,0.6823,0.7388,0.2612,0.7306,70.4,67.4,63.2,69.7,False
748,AV+Nutrizione_W60_H2_uncapped_split_patient,AV+Nutrizione,2,31,124,60,uncapped,split_patient,2,257,186.14,188.81,2.66,218.71,214.25,4.46,180.33,198.03,1.014,False,0,35017,67276,102293,1.0,0.6862,0.3138,1.0481,,72.2,68.4,69.7,False
749,AV+Nutrizione_W60_H3_uncapped_split_patient,AV+Nutrizione,2,31,124,60,uncapped,split_patient,3,385,159.07,167.0,7.93,195.59,196.14,0.55,167.98,184.43,1.05,True,17637,8288,76368,102293,0.2512,0.6835,0.3165,0.4041,72.0,72.3,68.9,69.7,False
750,AV+Nutrizione_W60_H5_uncapped_split_patient,AV+Nutrizione,2,31,124,60,uncapped,split_patient,5,641,146.78,173.09,26.3,179.28,194.68,15.4,168.94,183.09,1.179,True,18539,12612,71142,102293,0.3052,0.6805,0.3195,0.4418,71.7,71.3,68.9,69.7,False
751,AV+Nutrizione_W60_H8_uncapped_split_patient,AV+Nutrizione,2,31,124,60,uncapped,split_patient,8,1025,143.8,173.43,29.63,163.77,182.0,18.23,166.81,166.02,1.206,True,18465,23571,60257,102293,0.2923,0.7085,0.2915,0.4128,71.5,71.2,68.6,69.7,False
752,AV+Nutrizione_W60_H16_uncapped_split_patient,AV+Nutrizione,2,31,124,60,uncapped,split_patient,16,2049,125.98,182.7,56.72,144.4,186.41,42.02,169.7,168.29,1.45,True,19279,28352,54662,102293,0.3115,0.7062,0.2938,0.4282,72.1,70.0,68.7,69.7,False
753,AV+Nutrizione_W60_H1_uncapped_split_temporal,AV+Nutrizione,2,31,124,60,uncapped,split_temporal,1,127,206.77,237.76,30.99,209.95,498.14,288.19,182.82,191.59,1.15,False,0,0,130959,130959,1.0,0.5145,0.4855,1.1116,,,70.2,70.2,False
754,AV+Nutrizione_W60_H2_uncapped_split_temporal,AV+Nutrizione,2,31,124,60,uncapped,split_temporal,2,257,226.84,208.4,18.44,198.2,471.19,273.0,192.03,181.36,0.919,False,0,226,130733,130959,1.0,0.5142,0.4858,1.1118,,69.2,70.2,70.2,False
755,AV+Nutrizione_W60_H3_uncapped_split_temporal,AV+Nutrizione,2,31,124,60,uncapped,split_temporal,3,385,193.09,182.81,10.28,188.38,360.86,172.47,168.99,160.53,0.947,True,9719,29930,91310,130959,0.2,0.64,0.36,0.4118,70.8,71.3,69.8,70.2,False
756,AV+Nutrizione_W60_H5_uncapped_split_temporal,AV+Nutrizione,2,31,124,60,uncapped,split_temporal,5,641,189.73,170.68,19.06,176.25,351.3,175.05,162.98,154.82,0.9,False,0,41051,89908,130959,1.0,0.6621,0.3379,1.0555,,71.8,69.5,70.2,False
757,AV+Nutrizione_W60_H8_uncapped_split_temporal,AV+Nutrizione,2,31,124,60,uncapped,split_temporal,8,1025,176.01,174.46,1.55,164.98,340.42,175.43,160.18,146.54,0.991,True,12389,27578,90992,130959,0.164,0.6519,0.3481,0.3848,72.1,71.4,69.6,70.2,False
758,AV+Nutrizione_W60_H16_uncapped_split_temporal,AV+Nutrizione,2,31,124,60,uncapped,split_temporal,16,2049,147.36,174.08,26.72,137.64,309.96,172.31,153.38,134.78,1.181,True,18022,29131,83806,130959,0.1925,0.6753,0.3247,0.3775,71.6,70.7,69.8,70.2,False
759,AV+Nutrizione_W60_H32_uncapped_split_temporal,AV+Nutrizione,2,31,124,60,uncapped,split_temporal,32,4097,108.47,181.89,73.42,96.08,315.52,219.45,144.14,114.45,1.677,True,18708,31104,81147,130959,0.2805,0.6741,0.3259,0.43,70.8,71.8,69.5,70.2,False
760,Anemia+Metabolismo_W60_H1_uncapped_split_patient,Anemia+Metabolismo,2,15,60,60,uncapped,split_patient,1,63,198.02,201.55,3.54,265.17,267.75,2.58,198.38,250.84,1.018,True,4736,15927,81630,102293,0.4113,0.6075,0.3925,0.5685,70.3,70.9,69.4,69.7,False
761,Anemia+Metabolismo_W60_H2_uncapped_split_patient,Anemia+Metabolismo,2,15,60,60,uncapped,split_patient,2,129,199.34,200.7,1.36,266.13,263.21,2.92,198.22,250.34,1.007,False,14676,382,87235,102293,0.4739,0.601,0.399,0.6195,69.3,68.6,69.8,69.7,False
762,Anemia+Metabolismo_W60_H3_uncapped_split_patient,Anemia+Metabolismo,2,15,60,60,uncapped,split_patient,3,193,190.83,197.83,7.01,263.41,265.5,2.09,194.84,245.71,1.037,True,7411,10524,84358,102293,0.4461,0.606,0.394,0.5952,68.8,70.2,69.7,69.7,False
763,Anemia+Metabolismo_W60_H5_uncapped_split_patient,Anemia+Metabolismo,2,15,60,60,uncapped,split_patient,5,321,185.33,197.95,12.61,251.02,261.77,10.75,195.77,238.8,1.068,True,7471,20400,74422,102293,0.4331,0.6182,0.3818,0.5774,68.4,70.2,69.7,69.7,False
764,Anemia+Metabolismo_W60_H8_uncapped_split_patient,Anemia+Metabolismo,2,15,60,60,uncapped,split_patient,8,513,181.14,199.24,18.11,237.96,259.79,21.83,197.07,230.7,1.1,True,6363,30382,65548,102293,0.4207,0.6276,0.3724,0.5618,69.6,70.4,69.4,69.7,False
765,Anemia+Metabolismo_W60_H16_uncapped_split_patient,Anemia+Metabolismo,2,15,60,60,uncapped,split_patient,16,1025,168.67,196.91,28.24,213.52,239.76,26.24,193.34,216.13,1.167,True,10145,30402,61746,102293,0.4258,0.6408,0.3592,0.5571,72.3,69.8,69.3,69.7,False
766,Anemia+Metabolismo_W60_H32_uncapped_split_patient,Anemia+Metabolismo,2,15,60,60,uncapped,split_patient,32,2049,169.22,199.22,30.0,193.78,225.45,31.67,196.07,201.5,1.177,True,13471,36136,52686,102293,0.486,0.6511,0.3489,0.5983,70.7,69.7,69.5,69.7,False
767,Anemia+Metabolismo_W60_H60_uncapped_split_patient,Anemia+Metabolismo,2,15,60,60,uncapped,split_patient,60,3841,143.92,202.66,58.74,167.74,232.19,64.45,197.92,202.71,1.408,True,14884,32148,55261,102293,0.4938,0.6432,0.3568,0.6092,71.7,69.8,69.1,69.7,False
768,Anemia+Metabolismo_W60_H1_uncapped_split_temporal,Anemia+Metabolismo,2,15,60,60,uncapped,split_temporal,1,63,221.49,237.7,16.21,215.46,525.97,310.5,195.22,204.47,1.073,False,224,8139,122596,130959,0.2143,0.5289,0.4711,0.5176,66.0,70.6,70.2,70.2,False
769,Anemia+Metabolismo_W60_H2_uncapped_split_temporal,Anemia+Metabolismo,2,15,60,60,uncapped,split_temporal,2,129,236.47,200.69,35.78,192.22,453.96,261.73,196.13,178.9,0.849,False,0,801,130158,130959,1.0,0.5143,0.4857,1.1117,,72.2,70.2,70.2,False
770,Anemia+Nutrizione_W60_H1_uncapped_split_patient,Anemia+Nutrizione,2,19,76,60,uncapped,split_patient,1,79,190.29,inf,inf,239.13,inf,inf,288.08,252.39,inf,False,0,49099,53194,102293,1.0,0.687,0.313,1.0478,,70.8,68.7,69.7,False
771,Anemia+Nutrizione_W60_H2_uncapped_split_patient,Anemia+Nutrizione,2,19,76,60,uncapped,split_patient,2,161,189.46,192.45,2.98,219.91,217.72,2.19,189.88,205.73,1.016,False,0,30469,71824,102293,1.0,0.6603,0.3397,1.0561,,71.1,69.1,69.7,False
772,Anemia+Nutrizione_W60_H3_uncapped_split_patient,Anemia+Nutrizione,2,19,76,60,uncapped,split_patient,3,241,169.76,177.18,7.42,218.33,217.57,0.76,176.65,207.54,1.044,True,15721,8170,78402,102293,0.2682,0.6556,0.3444,0.4365,71.2,70.2,69.4,69.7,False
773,Anemia+Nutrizione_W60_H5_uncapped_split_patient,Anemia+Nutrizione,2,19,76,60,uncapped,split_patient,5,401,161.62,175.82,14.2,200.28,205.35,5.07,171.77,187.49,1.088,True,16632,13033,72628,102293,0.2787,0.6651,0.3349,0.4357,70.7,69.9,69.5,69.7,False
774,Anemia+Nutrizione_W60_H8_uncapped_split_patient,Anemia+Nutrizione,2,19,76,60,uncapped,split_patient,8,641,156.28,176.57,20.29,188.76,203.82,15.07,171.54,188.78,1.13,True,16093,14838,71362,102293,0.2828,0.6729,0.3271,0.4324,71.5,69.9,69.3,69.7,False
775,Anemia+Nutrizione_W60_H16_uncapped_split_patient,Anemia+Nutrizione,2,19,76,60,uncapped,split_patient,16,1281,144.14,179.58,35.44,170.37,191.89,21.52,173.6,179.16,1.246,True,17658,23706,60929,102293,0.2852,0.6836,0.3164,0.426,70.3,71.0,69.1,69.7,False
776,Anemia+Nutrizione_W60_H32_uncapped_split_patient,Anemia+Nutrizione,2,19,76,60,uncapped,split_patient,32,2561,130.59,183.45,52.86,145.6,186.21,40.6,177.28,168.45,1.405,True,19334,24326,58633,102293,0.3184,0.6923,0.3077,0.4428,71.6,69.9,69.0,69.7,False
777,Anemia+Nutrizione_W60_H1_uncapped_split_temporal,Anemia+Nutrizione,2,19,76,60,uncapped,split_temporal,1,79,217.25,229.91,12.67,213.85,540.14,326.29,191.45,198.43,1.058,False,0,0,130959,130959,1.0,0.5145,0.4855,1.1116,,,70.2,70.2,False
778,Anemia+Nutrizione_W60_H2_uncapped_split_temporal,Anemia+Nutrizione,2,19,76,60,uncapped,split_temporal,2,161,211.57,233.54,21.97,220.44,500.49,280.05,191.29,200.71,1.104,False,0,0,130959,130959,1.0,0.5145,0.4855,1.1116,,,70.2,70.2,False
779,Anemia+Nutrizione_W60_H3_uncapped_split_temporal,Anemia+Nutrizione,2,19,76,60,uncapped,split_temporal,3,241,210.12,182.66,27.45,203.48,379.38,175.9,177.0,179.0,0.869,True,9082,19545,102332,130959,0.178,0.6067,0.3933,0.4317,71.2,69.9,70.2,70.2,False
780,Anemia+Nutrizione_W60_H5_uncapped_split_temporal,Anemia+Nutrizione,2,19,76,60,uncapped,split_temporal,5,401,210.98,168.27,42.72,179.43,345.16,165.73,177.66,161.94,0.798,True,9950,26085,94924,130959,0.1847,0.6188,0.3812,0.4236,70.3,69.8,70.4,70.2,False
781,Anemia+Nutrizione_W60_H8_uncapped_split_temporal,Anemia+Nutrizione,2,19,76,60,uncapped,split_temporal,8,641,202.32,170.76,31.56,180.46,345.09,164.63,172.8,163.96,0.844,True,10332,27744,92883,130959,0.1452,0.6303,0.3697,0.3972,71.5,70.4,70.0,70.2,False
782,Anemia+Nutrizione_W60_H16_uncapped_split_temporal,Anemia+Nutrizione,2,19,76,60,uncapped,split_temporal,16,1281,186.98,173.63,13.35,176.16,332.8,156.65,168.64,159.32,0.929,True,13327,31330,86302,130959,0.1495,0.6593,0.3407,0.3721,71.4,71.1,69.8,70.2,False
783,Anemia+Nutrizione_W60_H32_uncapped_split_temporal,Anemia+Nutrizione,2,19,76,60,uncapped,split_temporal,32,2561,191.93,163.09,28.84,156.21,295.51,139.31,170.68,146.74,0.85,True,17313,37057,76589,130959,0.1706,0.6711,0.3289,0.3705,71.3,70.6,69.8,70.2,False
784,Anemia+Nutrizione_W60_H64_uncapped_split_temporal,Anemia+Nutrizione,2,19,76,60,uncapped,split_temporal,64,5121,154.94,171.32,16.38,127.27,297.51,170.24,162.95,133.62,1.106,True,20185,35317,75457,130959,0.2121,0.6715,0.3285,0.391,71.4,70.2,70.0,70.2,False
785,Anemia+Nutrizione_W60_H76_uncapped_split_temporal,Anemia+Nutrizione,2,19,76,60,uncapped,split_temporal,76,6081,155.03,165.43,10.41,122.93,280.5,157.57,159.97,131.44,1.067,True,21209,38091,71659,130959,0.1856,0.6787,0.3213,0.3711,71.7,70.5,69.7,70.2,False
786,Metabolismo+Nutrizione_W60_H1_uncapped_split_patient,Metabolismo+Nutrizione,2,18,72,60,uncapped,split_patient,1,75,212.25,209.73,2.52,311.04,301.99,9.05,206.87,291.54,0.988,False,0,0,102293,102293,1.0,0.5602,0.4398,1.0924,,,69.7,69.7,False
787,Metabolismo+Nutrizione_W60_H2_uncapped_split_patient,Metabolismo+Nutrizione,2,18,72,60,uncapped,split_patient,2,153,182.94,185.63,2.69,230.97,229.33,1.63,180.74,208.24,1.015,False,16477,163,85653,102293,0.3108,0.6325,0.3675,0.4813,71.0,72.6,69.5,69.7,False
788,Metabolismo+Nutrizione_W60_H3_uncapped_split_patient,Metabolismo+Nutrizione,2,18,72,60,uncapped,split_patient,3,229,171.37,181.63,10.26,221.07,223.35,2.29,177.57,205.41,1.06,True,16542,8548,77203,102293,0.3243,0.6503,0.3497,0.4769,70.8,71.8,69.3,69.7,False
789,Metabolismo+Nutrizione_W60_H5_uncapped_split_patient,Metabolismo+Nutrizione,2,18,72,60,uncapped,split_patient,5,381,163.93,179.78,15.85,203.78,212.33,8.55,173.44,194.58,1.097,True,15564,20088,66641,102293,0.2851,0.6757,0.3243,0.4318,71.8,71.2,68.8,69.7,False
790,Metabolismo+Nutrizione_W60_H8_uncapped_split_patient,Metabolismo+Nutrizione,2,18,72,60,uncapped,split_patient,8,609,168.32,179.09,10.77,182.49,185.58,3.09,176.57,172.93,1.064,True,17118,30867,54308,102293,0.2938,0.6937,0.3063,0.4244,70.8,70.9,68.7,69.7,False
791,Metabolismo+Nutrizione_W60_H16_uncapped_split_patient,Metabolismo+Nutrizione,2,18,72,60,uncapped,split_patient,16,1217,148.87,178.27,29.4,172.35,187.04,14.69,177.75,173.5,1.197,True,18033,24840,59420,102293,0.2995,0.6918,0.3082,0.4298,71.6,70.0,69.0,69.7,False
792,Metabolismo+Nutrizione_W60_H1_uncapped_split_temporal,Metabolismo+Nutrizione,2,18,72,60,uncapped,split_temporal,1,75,210.0,217.34,7.35,218.76,433.02,214.27,185.72,193.74,1.035,True,7602,18172,105185,130959,0.1164,0.5893,0.4107,0.4269,71.4,72.6,69.8,70.2,False
793,Metabolismo+Nutrizione_W60_H2_uncapped_split_temporal,Metabolismo+Nutrizione,2,18,72,60,uncapped,split_temporal,2,153,225.25,196.21,29.04,188.97,412.52,223.56,185.13,172.36,0.871,False,0,41974,88985,130959,1.0,0.5995,0.4005,1.0772,,71.1,69.8,70.2,False
794,AV+Anemia+Metabolismo_W60_H1_uncapped_split_patient,AV+Anemia+Metabolismo,3,39,156,60,uncapped,split_patient,1,159,311.87,inf,inf,98.72,inf,inf,300.32,96.62,inf,True,85086,13638,3569,102293,0.6855,0.6203,0.3797,0.7836,69.8,70.0,65.9,69.7,False
795,AV+Anemia+Metabolismo_W60_H2_uncapped_split_patient,AV+Anemia+Metabolismo,3,39,156,60,uncapped,split_patient,2,321,183.34,193.42,10.08,222.34,237.62,15.27,183.56,211.54,1.055,False,24528,191,77574,102293,0.4821,0.6391,0.3609,0.6022,71.0,72.2,69.3,69.7,False
796,AV+Anemia+Metabolismo_W60_H3_uncapped_split_patient,AV+Anemia+Metabolismo,3,39,156,60,uncapped,split_patient,3,481,170.16,184.42,14.26,205.77,226.88,21.11,177.76,206.14,1.084,True,15064,8601,78628,102293,0.3799,0.6489,0.3511,0.5173,71.2,71.0,69.3,69.7,False
797,AV+Anemia+Metabolismo_W60_H5_uncapped_split_patient,AV+Anemia+Metabolismo,3,39,156,60,uncapped,split_patient,5,801,167.16,187.18,20.02,189.35,206.47,17.12,179.09,185.62,1.12,True,15635,33829,52829,102293,0.3723,0.6962,0.3038,0.4805,72.0,71.1,68.1,69.7,False
798,AV+Anemia+Metabolismo_W60_H8_uncapped_split_patient,AV+Anemia+Metabolismo,3,39,156,60,uncapped,split_patient,8,1281,147.05,184.73,37.68,172.51,215.28,42.77,184.08,197.62,1.256,True,14823,26680,60790,102293,0.4177,0.6845,0.3155,0.5235,71.2,71.0,68.8,69.7,False
799,AV+Anemia+Metabolismo_W60_H1_uncapped_split_temporal,AV+Anemia+Metabolismo,3,39,156,60,uncapped,split_temporal,1,159,238.84,203.16,35.68,196.59,474.25,277.66,201.0,187.53,0.851,False,0,0,130959,130959,1.0,0.5145,0.4855,1.1116,,,70.2,70.2,False
800,AV+Anemia+Metabolismo_W60_H2_uncapped_split_temporal,AV+Anemia+Metabolismo,3,39,156,60,uncapped,split_temporal,2,321,230.2,199.81,30.39,196.58,449.69,253.11,194.22,175.44,0.868,False,0,192,130767,130959,1.0,0.5142,0.4858,1.1118,,67.5,70.2,70.2,False
801,AV+Anemia+Metabolismo_W60_H3_uncapped_split_temporal,AV+Anemia+Metabolismo,3,39,156,60,uncapped,split_temporal,3,481,200.58,192.95,7.63,179.89,408.61,228.71,173.26,155.05,0.962,True,6400,23365,101194,130959,0.2845,0.5871,0.4129,0.5014,67.0,73.1,69.8,70.2,False
802,AV+Anemia+Metabolismo_W60_H5_uncapped_split_temporal,AV+Anemia+Metabolismo,3,39,156,60,uncapped,split_temporal,5,801,185.28,201.74,16.47,174.63,414.68,240.05,165.31,156.29,1.089,True,4404,27374,99181,130959,0.2489,0.5968,0.4032,0.4738,70.5,73.0,69.5,70.2,False
803,AV+Anemia+Metabolismo_W60_H8_uncapped_split_temporal,AV+Anemia+Metabolismo,3,39,156,60,uncapped,split_temporal,8,1281,171.41,201.57,30.17,163.51,406.76,243.25,164.7,146.05,1.176,True,6463,26505,97991,130959,0.2855,0.5924,0.4076,0.4976,71.8,72.8,69.4,70.2,False
804,AV+Anemia+Metabolismo_W60_H16_uncapped_split_temporal,AV+Anemia+Metabolismo,3,39,156,60,uncapped,split_temporal,16,2561,160.41,188.65,28.23,139.75,364.16,224.41,160.41,133.97,1.176,True,9020,34736,87203,130959,0.2293,0.6105,0.3895,0.452,70.8,71.2,69.8,70.2,False
805,AV+Anemia+Metabolismo_W60_H32_uncapped_split_temporal,AV+Anemia+Metabolismo,3,39,156,60,uncapped,split_temporal,32,5121,109.13,205.42,96.29,90.99,376.26,285.27,149.05,117.11,1.882,True,11820,30624,88515,130959,0.3329,0.6179,0.3821,0.5068,70.5,72.6,69.4,70.2,False
806,AV+Anemia+Nutrizione_W60_H1_uncapped_split_patient,AV+Anemia+Nutrizione,3,38,152,60,uncapped,split_patient,1,155,363.71,inf,inf,106.45,inf,inf,375.23,137.71,inf,True,91412,5558,5323,102293,0.6942,0.6357,0.3643,0.784,69.7,71.7,67.9,69.7,False
807,AV+Anemia+Nutrizione_W60_H2_uncapped_split_patient,AV+Anemia+Nutrizione,3,38,152,60,uncapped,split_patient,2,313,174.56,182.81,8.25,204.49,206.0,1.51,172.91,183.2,1.047,False,30451,178,71664,102293,0.4381,0.678,0.322,0.5437,71.1,71.5,69.1,69.7,False
808,AV+Anemia+Nutrizione_W60_H3_uncapped_split_patient,AV+Anemia+Nutrizione,3,38,152,60,uncapped,split_patient,3,469,171.83,177.1,5.28,196.46,197.89,1.42,175.11,182.09,1.031,True,16132,26521,59640,102293,0.2408,0.7095,0.2905,0.3773,71.9,71.1,68.5,69.7,False
809,AV+Anemia+Nutrizione_W60_H5_uncapped_split_patient,AV+Anemia+Nutrizione,3,38,152,60,uncapped,split_patient,5,781,147.74,174.2,26.45,175.8,192.12,16.32,165.5,172.25,1.179,True,18240,16604,67449,102293,0.2826,0.6859,0.3141,0.4225,71.0,70.7,69.1,69.7,False
810,AV+Anemia+Nutrizione_W60_H8_uncapped_split_patient,AV+Anemia+Nutrizione,3,38,152,60,uncapped,split_patient,8,1249,140.44,177.88,37.44,161.55,179.6,18.05,167.97,169.62,1.267,True,19666,28505,54122,102293,0.3025,0.7171,0.2829,0.4142,71.0,70.5,68.8,69.7,False
811,AV+Anemia+Nutrizione_W60_H16_uncapped_split_patient,AV+Anemia+Nutrizione,3,38,152,60,uncapped,split_patient,16,2497,123.64,182.54,58.91,136.68,182.47,45.79,171.06,167.55,1.476,True,20516,31133,50644,102293,0.3061,0.7019,0.2981,0.4273,72.1,69.8,68.7,69.7,False
812,AV+Anemia+Nutrizione_W60_H1_uncapped_split_temporal,AV+Anemia+Nutrizione,3,38,152,60,uncapped,split_temporal,1,155,196.07,217.57,21.49,201.53,422.13,220.6,176.55,176.79,1.11,True,6220,23830,100909,130959,0.0953,0.6088,0.3912,0.4026,72.2,72.8,69.5,70.2,True
813,AV+Anemia+Nutrizione_W60_H2_uncapped_split_temporal,AV+Anemia+Nutrizione,3,38,152,60,uncapped,split_temporal,2,313,215.04,187.58,27.47,175.63,374.32,198.69,175.33,156.52,0.872,False,0,54486,76473,130959,1.0,0.6701,0.3299,1.053,,72.3,68.8,70.2,False
814,AV+Metabolismo+Nutrizione_W60_H1_uncapped_split_patient,AV+Metabolismo+Nutrizione,3,37,148,60,uncapped,split_patient,1,151,174.3,179.09,4.79,212.57,213.71,1.14,172.6,195.82,1.027,True,10076,23694,68523,102293,0.2122,0.6832,0.3168,0.3813,72.8,71.9,68.5,69.7,False
815,AV+Metabolismo+Nutrizione_W60_H2_uncapped_split_patient,AV+Metabolismo+Nutrizione,3,37,148,60,uncapped,split_patient,2,305,176.33,183.59,7.27,206.84,207.77,0.93,174.74,190.93,1.041,False,29138,206,72949,102293,0.4298,0.6733,0.3267,0.5399,71.9,70.5,68.8,69.7,False
816,AV+Metabolismo+Nutrizione_W60_H3_uncapped_split_patient,AV+Metabolismo+Nutrizione,3,37,148,60,uncapped,split_patient,3,457,160.3,170.39,10.09,193.96,199.97,6.01,168.09,180.23,1.063,True,16945,8129,77219,102293,0.2637,0.676,0.324,0.4177,71.9,71.2,69.1,69.7,False
817,AV+Metabolismo+Nutrizione_W60_H5_uncapped_split_patient,AV+Metabolismo+Nutrizione,3,37,148,60,uncapped,split_patient,5,761,144.39,175.77,31.38,169.7,192.96,23.26,163.77,171.36,1.217,True,19257,14833,68203,102293,0.3376,0.6846,0.3154,0.462,72.0,69.6,69.1,69.7,False
818,AV+Metabolismo+Nutrizione_W60_H8_uncapped_split_patient,AV+Metabolismo+Nutrizione,3,37,148,60,uncapped,split_patient,8,1217,133.04,175.31,42.27,156.29,187.55,31.26,167.51,174.95,1.318,True,19408,20219,62666,102293,0.3268,0.695,0.305,0.447,72.2,70.0,68.9,69.7,False
819,AV+Metabolismo+Nutrizione_W60_H16_uncapped_split_patient,AV+Metabolismo+Nutrizione,3,37,148,60,uncapped,split_patient,16,2433,114.08,184.91,70.83,125.21,181.62,56.41,169.16,163.22,1.621,True,21707,27362,53224,102293,0.3573,0.6924,0.3076,0.4715,71.9,70.9,68.2,69.7,False
820,AV+Metabolismo+Nutrizione_W60_H1_uncapped_split_temporal,AV+Metabolismo+Nutrizione,3,37,148,60,uncapped,split_temporal,1,151,205.12,233.27,28.15,211.12,487.9,276.78,182.8,192.49,1.137,False,0,0,130959,130959,1.0,0.5145,0.4855,1.1116,,,70.2,70.2,False
821,AV+Metabolismo+Nutrizione_W60_H2_uncapped_split_temporal,AV+Metabolismo+Nutrizione,3,37,148,60,uncapped,split_temporal,2,305,215.1,197.92,17.19,182.88,409.94,227.06,175.75,162.8,0.92,False,0,49520,81439,130959,1.0,0.6429,0.3571,1.0618,,71.7,69.4,70.2,False
822,Anemia+Metabolismo+Nutrizione_W60_H1_uncapped_split_patient,Anemia+Metabolismo+Nutrizione,3,26,104,60,uncapped,split_patient,1,107,187.61,inf,inf,234.38,inf,inf,259.89,240.43,inf,False,0,51325,50968,102293,1.0,0.6884,0.3116,1.0474,,70.9,68.5,69.7,False
823,Anemia+Metabolismo+Nutrizione_W60_H2_uncapped_split_patient,Anemia+Metabolismo+Nutrizione,3,26,104,60,uncapped,split_patient,2,217,179.51,186.17,6.66,216.77,218.63,1.87,180.85,203.97,1.037,False,28694,183,73416,102293,0.4507,0.6633,0.3367,0.5626,70.6,72.3,69.3,69.7,False
824,Anemia+Metabolismo+Nutrizione_W60_H3_uncapped_split_patient,Anemia+Metabolismo+Nutrizione,3,26,104,60,uncapped,split_patient,3,325,166.43,179.26,12.82,210.39,216.38,5.99,177.13,200.34,1.077,True,17205,10445,74643,102293,0.3268,0.6623,0.3377,0.4699,71.2,70.6,69.3,69.7,False
825,Anemia+Metabolismo+Nutrizione_W60_H5_uncapped_split_patient,Anemia+Metabolismo+Nutrizione,3,26,104,60,uncapped,split_patient,5,541,160.61,178.67,18.06,195.87,205.27,9.4,178.02,191.24,1.112,True,15517,23696,63080,102293,0.2843,0.6663,0.3337,0.4384,71.9,70.5,68.9,69.7,False
826,Anemia+Metabolismo+Nutrizione_W60_H8_uncapped_split_patient,Anemia+Metabolismo+Nutrizione,3,26,104,60,uncapped,split_patient,8,865,147.28,178.85,31.57,172.63,193.75,21.12,174.22,176.11,1.214,True,19187,19352,63754,102293,0.3292,0.6765,0.3235,0.4615,71.8,69.2,69.3,69.7,False
827,Anemia+Metabolismo+Nutrizione_W60_H16_uncapped_split_patient,Anemia+Metabolismo+Nutrizione,3,26,104,60,uncapped,split_patient,16,1729,138.77,183.22,44.45,152.77,181.54,28.76,179.81,164.95,1.32,True,19911,30078,52304,102293,0.3344,0.6941,0.3059,0.4532,71.7,70.5,68.5,69.7,False
828,Anemia+Metabolismo+Nutrizione_W60_H1_uncapped_split_temporal,Anemia+Metabolismo+Nutrizione,3,26,104,60,uncapped,split_temporal,1,107,215.66,227.34,11.68,208.42,546.8,338.38,189.73,192.39,1.054,False,0,0,130959,130959,1.0,0.5145,0.4855,1.1116,,,70.2,70.2,False
829,Anemia+Metabolismo+Nutrizione_W60_H2_uncapped_split_temporal,Anemia+Metabolismo+Nutrizione,3,26,104,60,uncapped,split_temporal,2,217,209.75,229.76,20.01,215.74,491.97,276.23,192.15,201.19,1.095,False,0,0,130959,130959,1.0,0.5145,0.4855,1.1116,,,70.2,70.2,False
830,Anemia+Metabolismo+Nutrizione_W60_H3_uncapped_split_temporal,Anemia+Metabolismo+Nutrizione,3,26,104,60,uncapped,split_temporal,3,325,212.59,173.26,39.33,182.96,361.79,178.83,175.28,163.63,0.815,True,8676,31985,90298,130959,0.2091,0.6293,0.3707,0.4256,70.8,71.5,69.7,70.2,False
831,AV+Anemia+Metabolismo+Nutrizione_W60_H1_uncapped_split_patient,AV+Anemia+Metabolismo+Nutrizione,4,44,176,60,uncapped,split_patient,1,179,172.1,177.49,5.39,206.46,211.04,4.57,172.36,195.35,1.031,True,10762,22695,68836,102293,0.2144,0.6864,0.3136,0.3799,72.3,71.4,68.8,69.7,False
832,AV+Anemia+Metabolismo+Nutrizione_W60_H2_uncapped_split_patient,AV+Anemia+Metabolismo+Nutrizione,4,44,176,60,uncapped,split_patient,2,361,187.6,194.0,6.4,231.5,231.47,0.03,187.32,217.82,1.034,False,0,47341,54952,102293,1.0,0.696,0.304,1.0452,,71.6,68.1,69.7,False
833,AV+Anemia+Metabolismo+Nutrizione_W60_H3_uncapped_split_patient,AV+Anemia+Metabolismo+Nutrizione,4,44,176,60,uncapped,split_patient,3,541,156.83,173.25,16.42,192.14,204.52,12.37,168.81,187.84,1.105,True,17580,10117,74596,102293,0.2906,0.6761,0.3239,0.4352,71.4,70.1,69.3,69.7,False
834,AV+Anemia+Metabolismo+Nutrizione_W60_H5_uncapped_split_patient,AV+Anemia+Metabolismo+Nutrizione,4,44,176,60,uncapped,split_patient,5,901,152.46,173.64,21.17,168.79,182.75,13.96,169.59,163.32,1.139,True,20813,25481,55999,102293,0.3142,0.7164,0.2836,0.4233,71.8,70.5,68.6,69.7,False
835,AV+Anemia+Metabolismo+Nutrizione_W60_H8_uncapped_split_patient,AV+Anemia+Metabolismo+Nutrizione,4,44,176,60,uncapped,split_patient,8,1441,142.84,176.65,33.82,160.06,181.18,21.12,170.88,159.38,1.237,True,20238,26796,55259,102293,0.3144,0.7081,0.2919,0.429,72.0,70.9,68.3,69.7,False
836,AV+Anemia+Metabolismo+Nutrizione_W60_H16_uncapped_split_patient,AV+Anemia+Metabolismo+Nutrizione,4,44,176,60,uncapped,split_patient,16,2881,117.07,181.94,64.87,125.6,173.0,47.4,177.05,162.92,1.554,True,23168,28408,50717,102293,0.378,0.7079,0.2921,0.4777,71.2,69.7,69.0,69.7,False
837,AV+Anemia+Metabolismo+Nutrizione_W60_H1_uncapped_split_temporal,AV+Anemia+Metabolismo+Nutrizione,4,44,176,60,uncapped,split_temporal,1,179,195.03,222.82,27.8,200.06,428.57,228.52,177.69,175.84,1.143,True,7174,22714,101071,130959,0.1078,0.6088,0.3912,0.4058,71.4,73.0,69.5,70.2,False
838,AV+Anemia+Metabolismo+Nutrizione_W60_H2_uncapped_split_temporal,AV+Anemia+Metabolismo+Nutrizione,4,44,176,60,uncapped,split_temporal,2,361,234.57,196.46,38.1,189.78,435.83,246.05,194.01,172.75,0.838,False,0,268,130691,130959,1.0,0.5143,0.4857,1.1117,,68.6,70.2,70.2,False
